prompt,model,model_id,diagnosis,inferred_diagnosis,pair_context,template,image_path,reference_image_paths,ssim,color_similarity,shape_similarity,performance
"Gnenerate a dermoscopic skin lesion of a single melanocytic nevus, extreme close-up macro, ISIC-style, skin only, no body parts, lesion visible, clinical lighting, sharp focus, clinical photo",sd3.5,stabilityai/stable-diffusion-3.5-large,nv,nv,nv then mel,template_1,C:\Users\Victor\Desktop\University\Master\Semester 1\Synthetic Data Generation for Skin Cancer Detection\POC\synthetic-data-gen\logs\experiments\experiment_2_20251220_042000\images\image_000.png,"['C:\\Users\\Victor\\Desktop\\University\\Master\\Semester 1\\Synthetic Data Generation for Skin Cancer Detection\\POC\\synthetic-data-gen\\logs\\experiments\\experiment_2_20251220_042000\\images\\ref_000_0.png', 'C:\\Users\\Victor\\Desktop\\University\\Master\\Semester 1\\Synthetic Data Generation for Skin Cancer Detection\\POC\\synthetic-data-gen\\logs\\experiments\\experiment_2_20251220_042000\\images\\ref_000_1.png', 'C:\\Users\\Victor\\Desktop\\University\\Master\\Semester 1\\Synthetic Data Generation for Skin Cancer Detection\\POC\\synthetic-data-gen\\logs\\experiments\\experiment_2_20251220_042000\\images\\ref_000_2.png', 'C:\\Users\\Victor\\Desktop\\University\\Master\\Semester 1\\Synthetic Data Generation for Skin Cancer Detection\\POC\\synthetic-data-gen\\logs\\experiments\\experiment_2_20251220_042000\\images\\ref_000_3.png', 'C:\\Users\\Victor\\Desktop\\University\\Master\\Semester 1\\Synthetic Data Generation for Skin Cancer Detection\\POC\\synthetic-data-gen\\logs\\experiments\\experiment_2_20251220_042000\\images\\ref_000_4.png']",0.2992828664732665,0.07568040288855309,0.034296593564148,"{'total_time_seconds': 903.7101686000824, 'seconds_per_image': 451.8550843000412, 'avg_power_watts': 58.8650591163659, 'peak_power_watts': 66.13, 'total_energy_wh': 14.776931249640235, 'energy_per_image_wh': 7.3884656248201175}"
"Gnenerate a dermoscopic skin lesion of a single melanoma, extreme close-up macro, ISIC-style, skin only, no body parts, lesion visible, clinical lighting, sharp focus, clinical photo",sd3.5,stabilityai/stable-diffusion-3.5-large,mel,mel,nv then mel,template_1,C:\Users\Victor\Desktop\University\Master\Semester 1\Synthetic Data Generation for Skin Cancer Detection\POC\synthetic-data-gen\logs\experiments\experiment_2_20251220_042000\images\image_001.png,"['C:\\Users\\Victor\\Desktop\\University\\Master\\Semester 1\\Synthetic Data Generation for Skin Cancer Detection\\POC\\synthetic-data-gen\\logs\\experiments\\experiment_2_20251220_042000\\images\\ref_001_0.png', 'C:\\Users\\Victor\\Desktop\\University\\Master\\Semester 1\\Synthetic Data Generation for Skin Cancer Detection\\POC\\synthetic-data-gen\\logs\\experiments\\experiment_2_20251220_042000\\images\\ref_001_1.png', 'C:\\Users\\Victor\\Desktop\\University\\Master\\Semester 1\\Synthetic Data Generation for Skin Cancer Detection\\POC\\synthetic-data-gen\\logs\\experiments\\experiment_2_20251220_042000\\images\\ref_001_2.png', 'C:\\Users\\Victor\\Desktop\\University\\Master\\Semester 1\\Synthetic Data Generation for Skin Cancer Detection\\POC\\synthetic-data-gen\\logs\\experiments\\experiment_2_20251220_042000\\images\\ref_001_3.png', 'C:\\Users\\Victor\\Desktop\\University\\Master\\Semester 1\\Synthetic Data Generation for Skin Cancer Detection\\POC\\synthetic-data-gen\\logs\\experiments\\experiment_2_20251220_042000\\images\\ref_001_4.png']",0.28344124856467673,0.0,0.05936154919247612,"{'total_time_seconds': 903.7101686000824, 'seconds_per_image': 451.8550843000412, 'avg_power_watts': 58.8650591163659, 'peak_power_watts': 66.13, 'total_energy_wh': 14.776931249640235, 'energy_per_image_wh': 7.3884656248201175}"
"Gnenerate a dermoscopic skin lesion of a single melanocytic nevus, extreme close-up macro, ISIC-style, skin only, no body parts, lesion visible, clinical lighting, sharp focus, clinical photo",sd3.5,stabilityai/stable-diffusion-3.5-large,nv,nv,nv then bkl,template_1,C:\Users\Victor\Desktop\University\Master\Semester 1\Synthetic Data Generation for Skin Cancer Detection\POC\synthetic-data-gen\logs\experiments\experiment_2_20251220_042000\images\image_002.png,"['C:\\Users\\Victor\\Desktop\\University\\Master\\Semester 1\\Synthetic Data Generation for Skin Cancer Detection\\POC\\synthetic-data-gen\\logs\\experiments\\experiment_2_20251220_042000\\images\\ref_002_0.png', 'C:\\Users\\Victor\\Desktop\\University\\Master\\Semester 1\\Synthetic Data Generation for Skin Cancer Detection\\POC\\synthetic-data-gen\\logs\\experiments\\experiment_2_20251220_042000\\images\\ref_002_1.png', 'C:\\Users\\Victor\\Desktop\\University\\Master\\Semester 1\\Synthetic Data Generation for Skin Cancer Detection\\POC\\synthetic-data-gen\\logs\\experiments\\experiment_2_20251220_042000\\images\\ref_002_2.png', 'C:\\Users\\Victor\\Desktop\\University\\Master\\Semester 1\\Synthetic Data Generation for Skin Cancer Detection\\POC\\synthetic-data-gen\\logs\\experiments\\experiment_2_20251220_042000\\images\\ref_002_3.png', 'C:\\Users\\Victor\\Desktop\\University\\Master\\Semester 1\\Synthetic Data Generation for Skin Cancer Detection\\POC\\synthetic-data-gen\\logs\\experiments\\experiment_2_20251220_042000\\images\\ref_002_4.png']",0.25427299139053255,0.0,0.08415813184361318,"{'total_time_seconds': 1129.869626045227, 'seconds_per_image': 564.9348130226135, 'avg_power_watts': 60.38587301587302, 'peak_power_watts': 67.24, 'total_energy_wh': 18.95226771190528, 'energy_per_image_wh': 9.47613385595264}"
"Gnenerate a dermoscopic skin lesion of a single benign keratosis, extreme close-up macro, ISIC-style, skin only, no body parts, lesion visible, clinical lighting, sharp focus, clinical photo",sd3.5,stabilityai/stable-diffusion-3.5-large,bkl,bkl,nv then bkl,template_1,C:\Users\Victor\Desktop\University\Master\Semester 1\Synthetic Data Generation for Skin Cancer Detection\POC\synthetic-data-gen\logs\experiments\experiment_2_20251220_042000\images\image_003.png,"['C:\\Users\\Victor\\Desktop\\University\\Master\\Semester 1\\Synthetic Data Generation for Skin Cancer Detection\\POC\\synthetic-data-gen\\logs\\experiments\\experiment_2_20251220_042000\\images\\ref_003_0.png', 'C:\\Users\\Victor\\Desktop\\University\\Master\\Semester 1\\Synthetic Data Generation for Skin Cancer Detection\\POC\\synthetic-data-gen\\logs\\experiments\\experiment_2_20251220_042000\\images\\ref_003_1.png', 'C:\\Users\\Victor\\Desktop\\University\\Master\\Semester 1\\Synthetic Data Generation for Skin Cancer Detection\\POC\\synthetic-data-gen\\logs\\experiments\\experiment_2_20251220_042000\\images\\ref_003_2.png', 'C:\\Users\\Victor\\Desktop\\University\\Master\\Semester 1\\Synthetic Data Generation for Skin Cancer Detection\\POC\\synthetic-data-gen\\logs\\experiments\\experiment_2_20251220_042000\\images\\ref_003_3.png', 'C:\\Users\\Victor\\Desktop\\University\\Master\\Semester 1\\Synthetic Data Generation for Skin Cancer Detection\\POC\\synthetic-data-gen\\logs\\experiments\\experiment_2_20251220_042000\\images\\ref_003_4.png']",0.5584474986619096,0.014197321936510738,0.009640887444814275,"{'total_time_seconds': 1129.869626045227, 'seconds_per_image': 564.9348130226135, 'avg_power_watts': 60.38587301587302, 'peak_power_watts': 67.24, 'total_energy_wh': 18.95226771190528, 'energy_per_image_wh': 9.47613385595264}"
"Gnenerate a dermoscopic skin lesion of a single melanocytic nevus, extreme close-up macro, ISIC-style, skin only, no body parts, lesion visible, clinical lighting, sharp focus, clinical photo",sd3.5,stabilityai/stable-diffusion-3.5-large,nv,nv,nv then bcc,template_1,C:\Users\Victor\Desktop\University\Master\Semester 1\Synthetic Data Generation for Skin Cancer Detection\POC\synthetic-data-gen\logs\experiments\experiment_2_20251220_042000\images\image_004.png,"['C:\\Users\\Victor\\Desktop\\University\\Master\\Semester 1\\Synthetic Data Generation for Skin Cancer Detection\\POC\\synthetic-data-gen\\logs\\experiments\\experiment_2_20251220_042000\\images\\ref_004_0.png', 'C:\\Users\\Victor\\Desktop\\University\\Master\\Semester 1\\Synthetic Data Generation for Skin Cancer Detection\\POC\\synthetic-data-gen\\logs\\experiments\\experiment_2_20251220_042000\\images\\ref_004_1.png', 'C:\\Users\\Victor\\Desktop\\University\\Master\\Semester 1\\Synthetic Data Generation for Skin Cancer Detection\\POC\\synthetic-data-gen\\logs\\experiments\\experiment_2_20251220_042000\\images\\ref_004_2.png', 'C:\\Users\\Victor\\Desktop\\University\\Master\\Semester 1\\Synthetic Data Generation for Skin Cancer Detection\\POC\\synthetic-data-gen\\logs\\experiments\\experiment_2_20251220_042000\\images\\ref_004_3.png', 'C:\\Users\\Victor\\Desktop\\University\\Master\\Semester 1\\Synthetic Data Generation for Skin Cancer Detection\\POC\\synthetic-data-gen\\logs\\experiments\\experiment_2_20251220_042000\\images\\ref_004_4.png']",0.4409705958440037,0.021425588199582964,0.01512575291872508,"{'total_time_seconds': 1144.4073309898376, 'seconds_per_image': 572.2036654949188, 'avg_power_watts': 59.990752145381116, 'peak_power_watts': 63.41, 'total_energy_wh': 19.07051570743569, 'energy_per_image_wh': 9.535257853717845}"
"Gnenerate a dermoscopic skin lesion of a single basal cell carcinoma, extreme close-up macro, ISIC-style, skin only, no body parts, lesion visible, clinical lighting, sharp focus, clinical photo",sd3.5,stabilityai/stable-diffusion-3.5-large,bcc,bcc,nv then bcc,template_1,C:\Users\Victor\Desktop\University\Master\Semester 1\Synthetic Data Generation for Skin Cancer Detection\POC\synthetic-data-gen\logs\experiments\experiment_2_20251220_042000\images\image_005.png,"['C:\\Users\\Victor\\Desktop\\University\\Master\\Semester 1\\Synthetic Data Generation for Skin Cancer Detection\\POC\\synthetic-data-gen\\logs\\experiments\\experiment_2_20251220_042000\\images\\ref_005_0.png', 'C:\\Users\\Victor\\Desktop\\University\\Master\\Semester 1\\Synthetic Data Generation for Skin Cancer Detection\\POC\\synthetic-data-gen\\logs\\experiments\\experiment_2_20251220_042000\\images\\ref_005_1.png', 'C:\\Users\\Victor\\Desktop\\University\\Master\\Semester 1\\Synthetic Data Generation for Skin Cancer Detection\\POC\\synthetic-data-gen\\logs\\experiments\\experiment_2_20251220_042000\\images\\ref_005_2.png', 'C:\\Users\\Victor\\Desktop\\University\\Master\\Semester 1\\Synthetic Data Generation for Skin Cancer Detection\\POC\\synthetic-data-gen\\logs\\experiments\\experiment_2_20251220_042000\\images\\ref_005_3.png', 'C:\\Users\\Victor\\Desktop\\University\\Master\\Semester 1\\Synthetic Data Generation for Skin Cancer Detection\\POC\\synthetic-data-gen\\logs\\experiments\\experiment_2_20251220_042000\\images\\ref_005_4.png']",0.5069368737949228,0.0,0.020104681043679486,"{'total_time_seconds': 1144.4073309898376, 'seconds_per_image': 572.2036654949188, 'avg_power_watts': 59.990752145381116, 'peak_power_watts': 63.41, 'total_energy_wh': 19.07051570743569, 'energy_per_image_wh': 9.535257853717845}"
"Gnenerate a dermoscopic skin lesion of a single melanocytic nevus, extreme close-up macro, ISIC-style, skin only, no body parts, lesion visible, clinical lighting, sharp focus, clinical photo",sd3.5,stabilityai/stable-diffusion-3.5-large,nv,nv,nv then akiec,template_1,C:\Users\Victor\Desktop\University\Master\Semester 1\Synthetic Data Generation for Skin Cancer Detection\POC\synthetic-data-gen\logs\experiments\experiment_2_20251220_042000\images\image_006.png,"['C:\\Users\\Victor\\Desktop\\University\\Master\\Semester 1\\Synthetic Data Generation for Skin Cancer Detection\\POC\\synthetic-data-gen\\logs\\experiments\\experiment_2_20251220_042000\\images\\ref_006_0.png', 'C:\\Users\\Victor\\Desktop\\University\\Master\\Semester 1\\Synthetic Data Generation for Skin Cancer Detection\\POC\\synthetic-data-gen\\logs\\experiments\\experiment_2_20251220_042000\\images\\ref_006_1.png', 'C:\\Users\\Victor\\Desktop\\University\\Master\\Semester 1\\Synthetic Data Generation for Skin Cancer Detection\\POC\\synthetic-data-gen\\logs\\experiments\\experiment_2_20251220_042000\\images\\ref_006_2.png', 'C:\\Users\\Victor\\Desktop\\University\\Master\\Semester 1\\Synthetic Data Generation for Skin Cancer Detection\\POC\\synthetic-data-gen\\logs\\experiments\\experiment_2_20251220_042000\\images\\ref_006_3.png', 'C:\\Users\\Victor\\Desktop\\University\\Master\\Semester 1\\Synthetic Data Generation for Skin Cancer Detection\\POC\\synthetic-data-gen\\logs\\experiments\\experiment_2_20251220_042000\\images\\ref_006_4.png']",0.4243476121182085,0.0,0.017301597090955412,"{'total_time_seconds': 1049.0767395496368, 'seconds_per_image': 524.5383697748184, 'avg_power_watts': 60.28251510159254, 'peak_power_watts': 62.98, 'total_energy_wh': 17.56694010961957, 'energy_per_image_wh': 8.783470054809785}"
"Gnenerate a dermoscopic skin lesion of a single actinic keratosis, extreme close-up macro, ISIC-style, skin only, no body parts, lesion visible, clinical lighting, sharp focus, clinical photo",sd3.5,stabilityai/stable-diffusion-3.5-large,akiec,akiec,nv then akiec,template_1,C:\Users\Victor\Desktop\University\Master\Semester 1\Synthetic Data Generation for Skin Cancer Detection\POC\synthetic-data-gen\logs\experiments\experiment_2_20251220_042000\images\image_007.png,"['C:\\Users\\Victor\\Desktop\\University\\Master\\Semester 1\\Synthetic Data Generation for Skin Cancer Detection\\POC\\synthetic-data-gen\\logs\\experiments\\experiment_2_20251220_042000\\images\\ref_007_0.png', 'C:\\Users\\Victor\\Desktop\\University\\Master\\Semester 1\\Synthetic Data Generation for Skin Cancer Detection\\POC\\synthetic-data-gen\\logs\\experiments\\experiment_2_20251220_042000\\images\\ref_007_1.png', 'C:\\Users\\Victor\\Desktop\\University\\Master\\Semester 1\\Synthetic Data Generation for Skin Cancer Detection\\POC\\synthetic-data-gen\\logs\\experiments\\experiment_2_20251220_042000\\images\\ref_007_2.png', 'C:\\Users\\Victor\\Desktop\\University\\Master\\Semester 1\\Synthetic Data Generation for Skin Cancer Detection\\POC\\synthetic-data-gen\\logs\\experiments\\experiment_2_20251220_042000\\images\\ref_007_3.png', 'C:\\Users\\Victor\\Desktop\\University\\Master\\Semester 1\\Synthetic Data Generation for Skin Cancer Detection\\POC\\synthetic-data-gen\\logs\\experiments\\experiment_2_20251220_042000\\images\\ref_007_4.png']",0.3863714756538263,0.1133995714300687,0.037512592918934676,"{'total_time_seconds': 1049.0767395496368, 'seconds_per_image': 524.5383697748184, 'avg_power_watts': 60.28251510159254, 'peak_power_watts': 62.98, 'total_energy_wh': 17.56694010961957, 'energy_per_image_wh': 8.783470054809785}"
"Gnenerate a dermoscopic skin lesion of a single melanocytic nevus, extreme close-up macro, ISIC-style, skin only, no body parts, lesion visible, clinical lighting, sharp focus, clinical photo",sd3.5,stabilityai/stable-diffusion-3.5-large,nv,nv,nv then vasc,template_1,C:\Users\Victor\Desktop\University\Master\Semester 1\Synthetic Data Generation for Skin Cancer Detection\POC\synthetic-data-gen\logs\experiments\experiment_2_20251220_042000\images\image_008.png,"['C:\\Users\\Victor\\Desktop\\University\\Master\\Semester 1\\Synthetic Data Generation for Skin Cancer Detection\\POC\\synthetic-data-gen\\logs\\experiments\\experiment_2_20251220_042000\\images\\ref_008_0.png', 'C:\\Users\\Victor\\Desktop\\University\\Master\\Semester 1\\Synthetic Data Generation for Skin Cancer Detection\\POC\\synthetic-data-gen\\logs\\experiments\\experiment_2_20251220_042000\\images\\ref_008_1.png', 'C:\\Users\\Victor\\Desktop\\University\\Master\\Semester 1\\Synthetic Data Generation for Skin Cancer Detection\\POC\\synthetic-data-gen\\logs\\experiments\\experiment_2_20251220_042000\\images\\ref_008_2.png', 'C:\\Users\\Victor\\Desktop\\University\\Master\\Semester 1\\Synthetic Data Generation for Skin Cancer Detection\\POC\\synthetic-data-gen\\logs\\experiments\\experiment_2_20251220_042000\\images\\ref_008_3.png', 'C:\\Users\\Victor\\Desktop\\University\\Master\\Semester 1\\Synthetic Data Generation for Skin Cancer Detection\\POC\\synthetic-data-gen\\logs\\experiments\\experiment_2_20251220_042000\\images\\ref_008_4.png']",0.3739112241352727,0.057322921264885404,0.015617710556347576,"{'total_time_seconds': 1120.3892138004303, 'seconds_per_image': 560.1946069002151, 'avg_power_watts': 59.57206577595067, 'peak_power_watts': 66.1, 'total_energy_wh': 18.539972205329136, 'energy_per_image_wh': 9.269986102664568}"
"Gnenerate a dermoscopic skin lesion of a single vascular lesion, extreme close-up macro, ISIC-style, skin only, no body parts, lesion visible, clinical lighting, sharp focus, clinical photo",sd3.5,stabilityai/stable-diffusion-3.5-large,vasc,vasc,nv then vasc,template_1,C:\Users\Victor\Desktop\University\Master\Semester 1\Synthetic Data Generation for Skin Cancer Detection\POC\synthetic-data-gen\logs\experiments\experiment_2_20251220_042000\images\image_009.png,"['C:\\Users\\Victor\\Desktop\\University\\Master\\Semester 1\\Synthetic Data Generation for Skin Cancer Detection\\POC\\synthetic-data-gen\\logs\\experiments\\experiment_2_20251220_042000\\images\\ref_009_0.png', 'C:\\Users\\Victor\\Desktop\\University\\Master\\Semester 1\\Synthetic Data Generation for Skin Cancer Detection\\POC\\synthetic-data-gen\\logs\\experiments\\experiment_2_20251220_042000\\images\\ref_009_1.png', 'C:\\Users\\Victor\\Desktop\\University\\Master\\Semester 1\\Synthetic Data Generation for Skin Cancer Detection\\POC\\synthetic-data-gen\\logs\\experiments\\experiment_2_20251220_042000\\images\\ref_009_2.png', 'C:\\Users\\Victor\\Desktop\\University\\Master\\Semester 1\\Synthetic Data Generation for Skin Cancer Detection\\POC\\synthetic-data-gen\\logs\\experiments\\experiment_2_20251220_042000\\images\\ref_009_3.png', 'C:\\Users\\Victor\\Desktop\\University\\Master\\Semester 1\\Synthetic Data Generation for Skin Cancer Detection\\POC\\synthetic-data-gen\\logs\\experiments\\experiment_2_20251220_042000\\images\\ref_009_4.png']",0.4129456175804746,0.02063607806433166,0.01219312207759325,"{'total_time_seconds': 1120.3892138004303, 'seconds_per_image': 560.1946069002151, 'avg_power_watts': 59.57206577595067, 'peak_power_watts': 66.1, 'total_energy_wh': 18.539972205329136, 'energy_per_image_wh': 9.269986102664568}"
"Gnenerate a dermoscopic skin lesion of a single melanocytic nevus, extreme close-up macro, ISIC-style, skin only, no body parts, lesion visible, clinical lighting, sharp focus, clinical photo",sd3.5,stabilityai/stable-diffusion-3.5-large,nv,nv,nv then df,template_1,C:\Users\Victor\Desktop\University\Master\Semester 1\Synthetic Data Generation for Skin Cancer Detection\POC\synthetic-data-gen\logs\experiments\experiment_2_20251220_042000\images\image_010.png,"['C:\\Users\\Victor\\Desktop\\University\\Master\\Semester 1\\Synthetic Data Generation for Skin Cancer Detection\\POC\\synthetic-data-gen\\logs\\experiments\\experiment_2_20251220_042000\\images\\ref_010_0.png', 'C:\\Users\\Victor\\Desktop\\University\\Master\\Semester 1\\Synthetic Data Generation for Skin Cancer Detection\\POC\\synthetic-data-gen\\logs\\experiments\\experiment_2_20251220_042000\\images\\ref_010_1.png', 'C:\\Users\\Victor\\Desktop\\University\\Master\\Semester 1\\Synthetic Data Generation for Skin Cancer Detection\\POC\\synthetic-data-gen\\logs\\experiments\\experiment_2_20251220_042000\\images\\ref_010_2.png', 'C:\\Users\\Victor\\Desktop\\University\\Master\\Semester 1\\Synthetic Data Generation for Skin Cancer Detection\\POC\\synthetic-data-gen\\logs\\experiments\\experiment_2_20251220_042000\\images\\ref_010_3.png', 'C:\\Users\\Victor\\Desktop\\University\\Master\\Semester 1\\Synthetic Data Generation for Skin Cancer Detection\\POC\\synthetic-data-gen\\logs\\experiments\\experiment_2_20251220_042000\\images\\ref_010_4.png']",0.20987379179773136,0.017326946357376406,0.024523986688868925,"{'total_time_seconds': 910.3500616550446, 'seconds_per_image': 455.1750308275223, 'avg_power_watts': 59.25441992433796, 'peak_power_watts': 65.96, 'total_energy_wh': 14.983962453181933, 'energy_per_image_wh': 7.491981226590966}"
"Gnenerate a dermoscopic skin lesion of a single dermatofibroma, extreme close-up macro, ISIC-style, skin only, no body parts, lesion visible, clinical lighting, sharp focus, clinical photo",sd3.5,stabilityai/stable-diffusion-3.5-large,df,df,nv then df,template_1,C:\Users\Victor\Desktop\University\Master\Semester 1\Synthetic Data Generation for Skin Cancer Detection\POC\synthetic-data-gen\logs\experiments\experiment_2_20251220_042000\images\image_011.png,"['C:\\Users\\Victor\\Desktop\\University\\Master\\Semester 1\\Synthetic Data Generation for Skin Cancer Detection\\POC\\synthetic-data-gen\\logs\\experiments\\experiment_2_20251220_042000\\images\\ref_011_0.png', 'C:\\Users\\Victor\\Desktop\\University\\Master\\Semester 1\\Synthetic Data Generation for Skin Cancer Detection\\POC\\synthetic-data-gen\\logs\\experiments\\experiment_2_20251220_042000\\images\\ref_011_1.png', 'C:\\Users\\Victor\\Desktop\\University\\Master\\Semester 1\\Synthetic Data Generation for Skin Cancer Detection\\POC\\synthetic-data-gen\\logs\\experiments\\experiment_2_20251220_042000\\images\\ref_011_2.png', 'C:\\Users\\Victor\\Desktop\\University\\Master\\Semester 1\\Synthetic Data Generation for Skin Cancer Detection\\POC\\synthetic-data-gen\\logs\\experiments\\experiment_2_20251220_042000\\images\\ref_011_3.png', 'C:\\Users\\Victor\\Desktop\\University\\Master\\Semester 1\\Synthetic Data Generation for Skin Cancer Detection\\POC\\synthetic-data-gen\\logs\\experiments\\experiment_2_20251220_042000\\images\\ref_011_4.png']",0.2904525249879985,0.0,0.018086366561359635,"{'total_time_seconds': 910.3500616550446, 'seconds_per_image': 455.1750308275223, 'avg_power_watts': 59.25441992433796, 'peak_power_watts': 65.96, 'total_energy_wh': 14.983962453181933, 'energy_per_image_wh': 7.491981226590966}"
"Gnenerate a dermoscopic skin lesion of a single melanoma, extreme close-up macro, ISIC-style, skin only, no body parts, lesion visible, clinical lighting, sharp focus, clinical photo",sd3.5,stabilityai/stable-diffusion-3.5-large,mel,mel,mel then bkl,template_1,C:\Users\Victor\Desktop\University\Master\Semester 1\Synthetic Data Generation for Skin Cancer Detection\POC\synthetic-data-gen\logs\experiments\experiment_2_20251220_042000\images\image_012.png,"['C:\\Users\\Victor\\Desktop\\University\\Master\\Semester 1\\Synthetic Data Generation for Skin Cancer Detection\\POC\\synthetic-data-gen\\logs\\experiments\\experiment_2_20251220_042000\\images\\ref_012_0.png', 'C:\\Users\\Victor\\Desktop\\University\\Master\\Semester 1\\Synthetic Data Generation for Skin Cancer Detection\\POC\\synthetic-data-gen\\logs\\experiments\\experiment_2_20251220_042000\\images\\ref_012_1.png', 'C:\\Users\\Victor\\Desktop\\University\\Master\\Semester 1\\Synthetic Data Generation for Skin Cancer Detection\\POC\\synthetic-data-gen\\logs\\experiments\\experiment_2_20251220_042000\\images\\ref_012_2.png', 'C:\\Users\\Victor\\Desktop\\University\\Master\\Semester 1\\Synthetic Data Generation for Skin Cancer Detection\\POC\\synthetic-data-gen\\logs\\experiments\\experiment_2_20251220_042000\\images\\ref_012_3.png', 'C:\\Users\\Victor\\Desktop\\University\\Master\\Semester 1\\Synthetic Data Generation for Skin Cancer Detection\\POC\\synthetic-data-gen\\logs\\experiments\\experiment_2_20251220_042000\\images\\ref_012_4.png']",0.3856651918817046,0.0,0.04292011778819742,"{'total_time_seconds': 1122.3922019004822, 'seconds_per_image': 561.1961009502411, 'avg_power_watts': 59.813164300202835, 'peak_power_watts': 65.75, 'total_energy_wh': 18.648285883761105, 'energy_per_image_wh': 9.324142941880552}"
"Gnenerate a dermoscopic skin lesion of a single benign keratosis, extreme close-up macro, ISIC-style, skin only, no body parts, lesion visible, clinical lighting, sharp focus, clinical photo",sd3.5,stabilityai/stable-diffusion-3.5-large,bkl,bkl,mel then bkl,template_1,C:\Users\Victor\Desktop\University\Master\Semester 1\Synthetic Data Generation for Skin Cancer Detection\POC\synthetic-data-gen\logs\experiments\experiment_2_20251220_042000\images\image_013.png,"['C:\\Users\\Victor\\Desktop\\University\\Master\\Semester 1\\Synthetic Data Generation for Skin Cancer Detection\\POC\\synthetic-data-gen\\logs\\experiments\\experiment_2_20251220_042000\\images\\ref_013_0.png', 'C:\\Users\\Victor\\Desktop\\University\\Master\\Semester 1\\Synthetic Data Generation for Skin Cancer Detection\\POC\\synthetic-data-gen\\logs\\experiments\\experiment_2_20251220_042000\\images\\ref_013_1.png', 'C:\\Users\\Victor\\Desktop\\University\\Master\\Semester 1\\Synthetic Data Generation for Skin Cancer Detection\\POC\\synthetic-data-gen\\logs\\experiments\\experiment_2_20251220_042000\\images\\ref_013_2.png', 'C:\\Users\\Victor\\Desktop\\University\\Master\\Semester 1\\Synthetic Data Generation for Skin Cancer Detection\\POC\\synthetic-data-gen\\logs\\experiments\\experiment_2_20251220_042000\\images\\ref_013_3.png', 'C:\\Users\\Victor\\Desktop\\University\\Master\\Semester 1\\Synthetic Data Generation for Skin Cancer Detection\\POC\\synthetic-data-gen\\logs\\experiments\\experiment_2_20251220_042000\\images\\ref_013_4.png']",0.49355119962792227,0.0,0.08052742596315553,"{'total_time_seconds': 1122.3922019004822, 'seconds_per_image': 561.1961009502411, 'avg_power_watts': 59.813164300202835, 'peak_power_watts': 65.75, 'total_energy_wh': 18.648285883761105, 'energy_per_image_wh': 9.324142941880552}"
"Gnenerate a dermoscopic skin lesion of a single melanoma, extreme close-up macro, ISIC-style, skin only, no body parts, lesion visible, clinical lighting, sharp focus, clinical photo",sd3.5,stabilityai/stable-diffusion-3.5-large,mel,mel,mel then bcc,template_1,C:\Users\Victor\Desktop\University\Master\Semester 1\Synthetic Data Generation for Skin Cancer Detection\POC\synthetic-data-gen\logs\experiments\experiment_2_20251220_042000\images\image_014.png,"['C:\\Users\\Victor\\Desktop\\University\\Master\\Semester 1\\Synthetic Data Generation for Skin Cancer Detection\\POC\\synthetic-data-gen\\logs\\experiments\\experiment_2_20251220_042000\\images\\ref_014_0.png', 'C:\\Users\\Victor\\Desktop\\University\\Master\\Semester 1\\Synthetic Data Generation for Skin Cancer Detection\\POC\\synthetic-data-gen\\logs\\experiments\\experiment_2_20251220_042000\\images\\ref_014_1.png', 'C:\\Users\\Victor\\Desktop\\University\\Master\\Semester 1\\Synthetic Data Generation for Skin Cancer Detection\\POC\\synthetic-data-gen\\logs\\experiments\\experiment_2_20251220_042000\\images\\ref_014_2.png', 'C:\\Users\\Victor\\Desktop\\University\\Master\\Semester 1\\Synthetic Data Generation for Skin Cancer Detection\\POC\\synthetic-data-gen\\logs\\experiments\\experiment_2_20251220_042000\\images\\ref_014_3.png', 'C:\\Users\\Victor\\Desktop\\University\\Master\\Semester 1\\Synthetic Data Generation for Skin Cancer Detection\\POC\\synthetic-data-gen\\logs\\experiments\\experiment_2_20251220_042000\\images\\ref_014_4.png']",0.3643677206955266,0.15677089384191747,0.06406900380041543,"{'total_time_seconds': 1123.6843984127045, 'seconds_per_image': 561.8421992063522, 'avg_power_watts': 59.17125891946993, 'peak_power_watts': 62.23, 'total_energy_wh': 18.469394578401925, 'energy_per_image_wh': 9.234697289200962}"
"Gnenerate a dermoscopic skin lesion of a single basal cell carcinoma, extreme close-up macro, ISIC-style, skin only, no body parts, lesion visible, clinical lighting, sharp focus, clinical photo",sd3.5,stabilityai/stable-diffusion-3.5-large,bcc,bcc,mel then bcc,template_1,C:\Users\Victor\Desktop\University\Master\Semester 1\Synthetic Data Generation for Skin Cancer Detection\POC\synthetic-data-gen\logs\experiments\experiment_2_20251220_042000\images\image_015.png,"['C:\\Users\\Victor\\Desktop\\University\\Master\\Semester 1\\Synthetic Data Generation for Skin Cancer Detection\\POC\\synthetic-data-gen\\logs\\experiments\\experiment_2_20251220_042000\\images\\ref_015_0.png', 'C:\\Users\\Victor\\Desktop\\University\\Master\\Semester 1\\Synthetic Data Generation for Skin Cancer Detection\\POC\\synthetic-data-gen\\logs\\experiments\\experiment_2_20251220_042000\\images\\ref_015_1.png', 'C:\\Users\\Victor\\Desktop\\University\\Master\\Semester 1\\Synthetic Data Generation for Skin Cancer Detection\\POC\\synthetic-data-gen\\logs\\experiments\\experiment_2_20251220_042000\\images\\ref_015_2.png', 'C:\\Users\\Victor\\Desktop\\University\\Master\\Semester 1\\Synthetic Data Generation for Skin Cancer Detection\\POC\\synthetic-data-gen\\logs\\experiments\\experiment_2_20251220_042000\\images\\ref_015_3.png', 'C:\\Users\\Victor\\Desktop\\University\\Master\\Semester 1\\Synthetic Data Generation for Skin Cancer Detection\\POC\\synthetic-data-gen\\logs\\experiments\\experiment_2_20251220_042000\\images\\ref_015_4.png']",0.4453729392703834,0.24967340064687918,0.017008402169120928,"{'total_time_seconds': 1123.6843984127045, 'seconds_per_image': 561.8421992063522, 'avg_power_watts': 59.17125891946993, 'peak_power_watts': 62.23, 'total_energy_wh': 18.469394578401925, 'energy_per_image_wh': 9.234697289200962}"
"Gnenerate a dermoscopic skin lesion of a single melanoma, extreme close-up macro, ISIC-style, skin only, no body parts, lesion visible, clinical lighting, sharp focus, clinical photo",sd3.5,stabilityai/stable-diffusion-3.5-large,mel,mel,mel then akiec,template_1,C:\Users\Victor\Desktop\University\Master\Semester 1\Synthetic Data Generation for Skin Cancer Detection\POC\synthetic-data-gen\logs\experiments\experiment_2_20251220_042000\images\image_016.png,"['C:\\Users\\Victor\\Desktop\\University\\Master\\Semester 1\\Synthetic Data Generation for Skin Cancer Detection\\POC\\synthetic-data-gen\\logs\\experiments\\experiment_2_20251220_042000\\images\\ref_016_0.png', 'C:\\Users\\Victor\\Desktop\\University\\Master\\Semester 1\\Synthetic Data Generation for Skin Cancer Detection\\POC\\synthetic-data-gen\\logs\\experiments\\experiment_2_20251220_042000\\images\\ref_016_1.png', 'C:\\Users\\Victor\\Desktop\\University\\Master\\Semester 1\\Synthetic Data Generation for Skin Cancer Detection\\POC\\synthetic-data-gen\\logs\\experiments\\experiment_2_20251220_042000\\images\\ref_016_2.png', 'C:\\Users\\Victor\\Desktop\\University\\Master\\Semester 1\\Synthetic Data Generation for Skin Cancer Detection\\POC\\synthetic-data-gen\\logs\\experiments\\experiment_2_20251220_042000\\images\\ref_016_3.png', 'C:\\Users\\Victor\\Desktop\\University\\Master\\Semester 1\\Synthetic Data Generation for Skin Cancer Detection\\POC\\synthetic-data-gen\\logs\\experiments\\experiment_2_20251220_042000\\images\\ref_016_4.png']",0.30394438248982164,0.0012716692840569596,0.01316439855283671,"{'total_time_seconds': 1011.179217338562, 'seconds_per_image': 505.589608669281, 'avg_power_watts': 60.032065404475034, 'peak_power_watts': 66.55, 'total_energy_wh': 16.86199358636512, 'energy_per_image_wh': 8.43099679318256}"
"Gnenerate a dermoscopic skin lesion of a single actinic keratosis, extreme close-up macro, ISIC-style, skin only, no body parts, lesion visible, clinical lighting, sharp focus, clinical photo",sd3.5,stabilityai/stable-diffusion-3.5-large,akiec,akiec,mel then akiec,template_1,C:\Users\Victor\Desktop\University\Master\Semester 1\Synthetic Data Generation for Skin Cancer Detection\POC\synthetic-data-gen\logs\experiments\experiment_2_20251220_042000\images\image_017.png,"['C:\\Users\\Victor\\Desktop\\University\\Master\\Semester 1\\Synthetic Data Generation for Skin Cancer Detection\\POC\\synthetic-data-gen\\logs\\experiments\\experiment_2_20251220_042000\\images\\ref_017_0.png', 'C:\\Users\\Victor\\Desktop\\University\\Master\\Semester 1\\Synthetic Data Generation for Skin Cancer Detection\\POC\\synthetic-data-gen\\logs\\experiments\\experiment_2_20251220_042000\\images\\ref_017_1.png', 'C:\\Users\\Victor\\Desktop\\University\\Master\\Semester 1\\Synthetic Data Generation for Skin Cancer Detection\\POC\\synthetic-data-gen\\logs\\experiments\\experiment_2_20251220_042000\\images\\ref_017_2.png', 'C:\\Users\\Victor\\Desktop\\University\\Master\\Semester 1\\Synthetic Data Generation for Skin Cancer Detection\\POC\\synthetic-data-gen\\logs\\experiments\\experiment_2_20251220_042000\\images\\ref_017_3.png', 'C:\\Users\\Victor\\Desktop\\University\\Master\\Semester 1\\Synthetic Data Generation for Skin Cancer Detection\\POC\\synthetic-data-gen\\logs\\experiments\\experiment_2_20251220_042000\\images\\ref_017_4.png']",0.44169887184949913,0.0,0.01765170521672617,"{'total_time_seconds': 1011.179217338562, 'seconds_per_image': 505.589608669281, 'avg_power_watts': 60.032065404475034, 'peak_power_watts': 66.55, 'total_energy_wh': 16.86199358636512, 'energy_per_image_wh': 8.43099679318256}"
"Gnenerate a dermoscopic skin lesion of a single melanoma, extreme close-up macro, ISIC-style, skin only, no body parts, lesion visible, clinical lighting, sharp focus, clinical photo",sd3.5,stabilityai/stable-diffusion-3.5-large,mel,mel,mel then vasc,template_1,C:\Users\Victor\Desktop\University\Master\Semester 1\Synthetic Data Generation for Skin Cancer Detection\POC\synthetic-data-gen\logs\experiments\experiment_2_20251220_042000\images\image_018.png,"['C:\\Users\\Victor\\Desktop\\University\\Master\\Semester 1\\Synthetic Data Generation for Skin Cancer Detection\\POC\\synthetic-data-gen\\logs\\experiments\\experiment_2_20251220_042000\\images\\ref_018_0.png', 'C:\\Users\\Victor\\Desktop\\University\\Master\\Semester 1\\Synthetic Data Generation for Skin Cancer Detection\\POC\\synthetic-data-gen\\logs\\experiments\\experiment_2_20251220_042000\\images\\ref_018_1.png', 'C:\\Users\\Victor\\Desktop\\University\\Master\\Semester 1\\Synthetic Data Generation for Skin Cancer Detection\\POC\\synthetic-data-gen\\logs\\experiments\\experiment_2_20251220_042000\\images\\ref_018_2.png', 'C:\\Users\\Victor\\Desktop\\University\\Master\\Semester 1\\Synthetic Data Generation for Skin Cancer Detection\\POC\\synthetic-data-gen\\logs\\experiments\\experiment_2_20251220_042000\\images\\ref_018_3.png', 'C:\\Users\\Victor\\Desktop\\University\\Master\\Semester 1\\Synthetic Data Generation for Skin Cancer Detection\\POC\\synthetic-data-gen\\logs\\experiments\\experiment_2_20251220_042000\\images\\ref_018_4.png']",0.3372077126713756,0.0,0.02574631358302789,"{'total_time_seconds': 1127.5507507324219, 'seconds_per_image': 563.7753753662109, 'avg_power_watts': 59.851280241935484, 'peak_power_watts': 65.84, 'total_energy_wh': 18.74593221363637, 'energy_per_image_wh': 9.372966106818184}"
"Gnenerate a dermoscopic skin lesion of a single vascular lesion, extreme close-up macro, ISIC-style, skin only, no body parts, lesion visible, clinical lighting, sharp focus, clinical photo",sd3.5,stabilityai/stable-diffusion-3.5-large,vasc,vasc,mel then vasc,template_1,C:\Users\Victor\Desktop\University\Master\Semester 1\Synthetic Data Generation for Skin Cancer Detection\POC\synthetic-data-gen\logs\experiments\experiment_2_20251220_042000\images\image_019.png,"['C:\\Users\\Victor\\Desktop\\University\\Master\\Semester 1\\Synthetic Data Generation for Skin Cancer Detection\\POC\\synthetic-data-gen\\logs\\experiments\\experiment_2_20251220_042000\\images\\ref_019_0.png', 'C:\\Users\\Victor\\Desktop\\University\\Master\\Semester 1\\Synthetic Data Generation for Skin Cancer Detection\\POC\\synthetic-data-gen\\logs\\experiments\\experiment_2_20251220_042000\\images\\ref_019_1.png', 'C:\\Users\\Victor\\Desktop\\University\\Master\\Semester 1\\Synthetic Data Generation for Skin Cancer Detection\\POC\\synthetic-data-gen\\logs\\experiments\\experiment_2_20251220_042000\\images\\ref_019_2.png', 'C:\\Users\\Victor\\Desktop\\University\\Master\\Semester 1\\Synthetic Data Generation for Skin Cancer Detection\\POC\\synthetic-data-gen\\logs\\experiments\\experiment_2_20251220_042000\\images\\ref_019_3.png', 'C:\\Users\\Victor\\Desktop\\University\\Master\\Semester 1\\Synthetic Data Generation for Skin Cancer Detection\\POC\\synthetic-data-gen\\logs\\experiments\\experiment_2_20251220_042000\\images\\ref_019_4.png']",0.2998278652792007,0.003263729172307447,0.015418422968266282,"{'total_time_seconds': 1127.5507507324219, 'seconds_per_image': 563.7753753662109, 'avg_power_watts': 59.851280241935484, 'peak_power_watts': 65.84, 'total_energy_wh': 18.74593221363637, 'energy_per_image_wh': 9.372966106818184}"
"Gnenerate a dermoscopic skin lesion of a single melanoma, extreme close-up macro, ISIC-style, skin only, no body parts, lesion visible, clinical lighting, sharp focus, clinical photo",sd3.5,stabilityai/stable-diffusion-3.5-large,mel,mel,mel then df,template_1,C:\Users\Victor\Desktop\University\Master\Semester 1\Synthetic Data Generation for Skin Cancer Detection\POC\synthetic-data-gen\logs\experiments\experiment_2_20251220_042000\images\image_020.png,"['C:\\Users\\Victor\\Desktop\\University\\Master\\Semester 1\\Synthetic Data Generation for Skin Cancer Detection\\POC\\synthetic-data-gen\\logs\\experiments\\experiment_2_20251220_042000\\images\\ref_020_0.png', 'C:\\Users\\Victor\\Desktop\\University\\Master\\Semester 1\\Synthetic Data Generation for Skin Cancer Detection\\POC\\synthetic-data-gen\\logs\\experiments\\experiment_2_20251220_042000\\images\\ref_020_1.png', 'C:\\Users\\Victor\\Desktop\\University\\Master\\Semester 1\\Synthetic Data Generation for Skin Cancer Detection\\POC\\synthetic-data-gen\\logs\\experiments\\experiment_2_20251220_042000\\images\\ref_020_2.png', 'C:\\Users\\Victor\\Desktop\\University\\Master\\Semester 1\\Synthetic Data Generation for Skin Cancer Detection\\POC\\synthetic-data-gen\\logs\\experiments\\experiment_2_20251220_042000\\images\\ref_020_3.png', 'C:\\Users\\Victor\\Desktop\\University\\Master\\Semester 1\\Synthetic Data Generation for Skin Cancer Detection\\POC\\synthetic-data-gen\\logs\\experiments\\experiment_2_20251220_042000\\images\\ref_020_4.png']",0.3662504612698875,0.0,0.058343100498893595,"{'total_time_seconds': 1129.9214599132538, 'seconds_per_image': 564.9607299566269, 'avg_power_watts': 59.613744959677426, 'peak_power_watts': 65.99, 'total_energy_wh': 18.710791593259746, 'energy_per_image_wh': 9.355395796629873}"
"Gnenerate a dermoscopic skin lesion of a single dermatofibroma, extreme close-up macro, ISIC-style, skin only, no body parts, lesion visible, clinical lighting, sharp focus, clinical photo",sd3.5,stabilityai/stable-diffusion-3.5-large,df,df,mel then df,template_1,C:\Users\Victor\Desktop\University\Master\Semester 1\Synthetic Data Generation for Skin Cancer Detection\POC\synthetic-data-gen\logs\experiments\experiment_2_20251220_042000\images\image_021.png,"['C:\\Users\\Victor\\Desktop\\University\\Master\\Semester 1\\Synthetic Data Generation for Skin Cancer Detection\\POC\\synthetic-data-gen\\logs\\experiments\\experiment_2_20251220_042000\\images\\ref_021_0.png', 'C:\\Users\\Victor\\Desktop\\University\\Master\\Semester 1\\Synthetic Data Generation for Skin Cancer Detection\\POC\\synthetic-data-gen\\logs\\experiments\\experiment_2_20251220_042000\\images\\ref_021_1.png', 'C:\\Users\\Victor\\Desktop\\University\\Master\\Semester 1\\Synthetic Data Generation for Skin Cancer Detection\\POC\\synthetic-data-gen\\logs\\experiments\\experiment_2_20251220_042000\\images\\ref_021_2.png', 'C:\\Users\\Victor\\Desktop\\University\\Master\\Semester 1\\Synthetic Data Generation for Skin Cancer Detection\\POC\\synthetic-data-gen\\logs\\experiments\\experiment_2_20251220_042000\\images\\ref_021_3.png', 'C:\\Users\\Victor\\Desktop\\University\\Master\\Semester 1\\Synthetic Data Generation for Skin Cancer Detection\\POC\\synthetic-data-gen\\logs\\experiments\\experiment_2_20251220_042000\\images\\ref_021_4.png']",0.422707933001855,0.07421137874213883,0.03476845895961705,"{'total_time_seconds': 1129.9214599132538, 'seconds_per_image': 564.9607299566269, 'avg_power_watts': 59.613744959677426, 'peak_power_watts': 65.99, 'total_energy_wh': 18.710791593259746, 'energy_per_image_wh': 9.355395796629873}"
"Gnenerate a dermoscopic skin lesion of a single benign keratosis, extreme close-up macro, ISIC-style, skin only, no body parts, lesion visible, clinical lighting, sharp focus, clinical photo",sd3.5,stabilityai/stable-diffusion-3.5-large,bkl,bkl,bkl then bcc,template_1,C:\Users\Victor\Desktop\University\Master\Semester 1\Synthetic Data Generation for Skin Cancer Detection\POC\synthetic-data-gen\logs\experiments\experiment_2_20251220_042000\images\image_022.png,"['C:\\Users\\Victor\\Desktop\\University\\Master\\Semester 1\\Synthetic Data Generation for Skin Cancer Detection\\POC\\synthetic-data-gen\\logs\\experiments\\experiment_2_20251220_042000\\images\\ref_022_0.png', 'C:\\Users\\Victor\\Desktop\\University\\Master\\Semester 1\\Synthetic Data Generation for Skin Cancer Detection\\POC\\synthetic-data-gen\\logs\\experiments\\experiment_2_20251220_042000\\images\\ref_022_1.png', 'C:\\Users\\Victor\\Desktop\\University\\Master\\Semester 1\\Synthetic Data Generation for Skin Cancer Detection\\POC\\synthetic-data-gen\\logs\\experiments\\experiment_2_20251220_042000\\images\\ref_022_2.png', 'C:\\Users\\Victor\\Desktop\\University\\Master\\Semester 1\\Synthetic Data Generation for Skin Cancer Detection\\POC\\synthetic-data-gen\\logs\\experiments\\experiment_2_20251220_042000\\images\\ref_022_3.png', 'C:\\Users\\Victor\\Desktop\\University\\Master\\Semester 1\\Synthetic Data Generation for Skin Cancer Detection\\POC\\synthetic-data-gen\\logs\\experiments\\experiment_2_20251220_042000\\images\\ref_022_4.png']",0.3300496044983836,0.04061009088848077,0.054006865152456326,"{'total_time_seconds': 1013.3258454799652, 'seconds_per_image': 506.6629227399826, 'avg_power_watts': 60.60021812080537, 'peak_power_watts': 63.1, 'total_energy_wh': 17.057713128759836, 'energy_per_image_wh': 8.528856564379918}"
"Gnenerate a dermoscopic skin lesion of a single basal cell carcinoma, extreme close-up macro, ISIC-style, skin only, no body parts, lesion visible, clinical lighting, sharp focus, clinical photo",sd3.5,stabilityai/stable-diffusion-3.5-large,bcc,bcc,bkl then bcc,template_1,C:\Users\Victor\Desktop\University\Master\Semester 1\Synthetic Data Generation for Skin Cancer Detection\POC\synthetic-data-gen\logs\experiments\experiment_2_20251220_042000\images\image_023.png,"['C:\\Users\\Victor\\Desktop\\University\\Master\\Semester 1\\Synthetic Data Generation for Skin Cancer Detection\\POC\\synthetic-data-gen\\logs\\experiments\\experiment_2_20251220_042000\\images\\ref_023_0.png', 'C:\\Users\\Victor\\Desktop\\University\\Master\\Semester 1\\Synthetic Data Generation for Skin Cancer Detection\\POC\\synthetic-data-gen\\logs\\experiments\\experiment_2_20251220_042000\\images\\ref_023_1.png', 'C:\\Users\\Victor\\Desktop\\University\\Master\\Semester 1\\Synthetic Data Generation for Skin Cancer Detection\\POC\\synthetic-data-gen\\logs\\experiments\\experiment_2_20251220_042000\\images\\ref_023_2.png', 'C:\\Users\\Victor\\Desktop\\University\\Master\\Semester 1\\Synthetic Data Generation for Skin Cancer Detection\\POC\\synthetic-data-gen\\logs\\experiments\\experiment_2_20251220_042000\\images\\ref_023_3.png', 'C:\\Users\\Victor\\Desktop\\University\\Master\\Semester 1\\Synthetic Data Generation for Skin Cancer Detection\\POC\\synthetic-data-gen\\logs\\experiments\\experiment_2_20251220_042000\\images\\ref_023_4.png']",0.5187385511926085,0.0,0.019310406177832216,"{'total_time_seconds': 1013.3258454799652, 'seconds_per_image': 506.6629227399826, 'avg_power_watts': 60.60021812080537, 'peak_power_watts': 63.1, 'total_energy_wh': 17.057713128759836, 'energy_per_image_wh': 8.528856564379918}"
"Gnenerate a dermoscopic skin lesion of a single benign keratosis, extreme close-up macro, ISIC-style, skin only, no body parts, lesion visible, clinical lighting, sharp focus, clinical photo",sd3.5,stabilityai/stable-diffusion-3.5-large,bkl,bkl,bkl then akiec,template_1,C:\Users\Victor\Desktop\University\Master\Semester 1\Synthetic Data Generation for Skin Cancer Detection\POC\synthetic-data-gen\logs\experiments\experiment_2_20251220_042000\images\image_024.png,"['C:\\Users\\Victor\\Desktop\\University\\Master\\Semester 1\\Synthetic Data Generation for Skin Cancer Detection\\POC\\synthetic-data-gen\\logs\\experiments\\experiment_2_20251220_042000\\images\\ref_024_0.png', 'C:\\Users\\Victor\\Desktop\\University\\Master\\Semester 1\\Synthetic Data Generation for Skin Cancer Detection\\POC\\synthetic-data-gen\\logs\\experiments\\experiment_2_20251220_042000\\images\\ref_024_1.png', 'C:\\Users\\Victor\\Desktop\\University\\Master\\Semester 1\\Synthetic Data Generation for Skin Cancer Detection\\POC\\synthetic-data-gen\\logs\\experiments\\experiment_2_20251220_042000\\images\\ref_024_2.png', 'C:\\Users\\Victor\\Desktop\\University\\Master\\Semester 1\\Synthetic Data Generation for Skin Cancer Detection\\POC\\synthetic-data-gen\\logs\\experiments\\experiment_2_20251220_042000\\images\\ref_024_3.png', 'C:\\Users\\Victor\\Desktop\\University\\Master\\Semester 1\\Synthetic Data Generation for Skin Cancer Detection\\POC\\synthetic-data-gen\\logs\\experiments\\experiment_2_20251220_042000\\images\\ref_024_4.png']",0.4017013417114674,0.0,0.040313805404837255,"{'total_time_seconds': 1105.432647228241, 'seconds_per_image': 552.7163236141205, 'avg_power_watts': 60.044053913945056, 'peak_power_watts': 65.05, 'total_energy_wh': 18.43740485233542, 'energy_per_image_wh': 9.21870242616771}"
"Gnenerate a dermoscopic skin lesion of a single actinic keratosis, extreme close-up macro, ISIC-style, skin only, no body parts, lesion visible, clinical lighting, sharp focus, clinical photo",sd3.5,stabilityai/stable-diffusion-3.5-large,akiec,akiec,bkl then akiec,template_1,C:\Users\Victor\Desktop\University\Master\Semester 1\Synthetic Data Generation for Skin Cancer Detection\POC\synthetic-data-gen\logs\experiments\experiment_2_20251220_042000\images\image_025.png,"['C:\\Users\\Victor\\Desktop\\University\\Master\\Semester 1\\Synthetic Data Generation for Skin Cancer Detection\\POC\\synthetic-data-gen\\logs\\experiments\\experiment_2_20251220_042000\\images\\ref_025_0.png', 'C:\\Users\\Victor\\Desktop\\University\\Master\\Semester 1\\Synthetic Data Generation for Skin Cancer Detection\\POC\\synthetic-data-gen\\logs\\experiments\\experiment_2_20251220_042000\\images\\ref_025_1.png', 'C:\\Users\\Victor\\Desktop\\University\\Master\\Semester 1\\Synthetic Data Generation for Skin Cancer Detection\\POC\\synthetic-data-gen\\logs\\experiments\\experiment_2_20251220_042000\\images\\ref_025_2.png', 'C:\\Users\\Victor\\Desktop\\University\\Master\\Semester 1\\Synthetic Data Generation for Skin Cancer Detection\\POC\\synthetic-data-gen\\logs\\experiments\\experiment_2_20251220_042000\\images\\ref_025_3.png', 'C:\\Users\\Victor\\Desktop\\University\\Master\\Semester 1\\Synthetic Data Generation for Skin Cancer Detection\\POC\\synthetic-data-gen\\logs\\experiments\\experiment_2_20251220_042000\\images\\ref_025_4.png']",0.3341998062153494,0.22434161472787303,0.04144169258681059,"{'total_time_seconds': 1105.432647228241, 'seconds_per_image': 552.7163236141205, 'avg_power_watts': 60.044053913945056, 'peak_power_watts': 65.05, 'total_energy_wh': 18.43740485233542, 'energy_per_image_wh': 9.21870242616771}"
"Gnenerate a dermoscopic skin lesion of a single benign keratosis, extreme close-up macro, ISIC-style, skin only, no body parts, lesion visible, clinical lighting, sharp focus, clinical photo",sd3.5,stabilityai/stable-diffusion-3.5-large,bkl,bkl,bkl then vasc,template_1,C:\Users\Victor\Desktop\University\Master\Semester 1\Synthetic Data Generation for Skin Cancer Detection\POC\synthetic-data-gen\logs\experiments\experiment_2_20251220_042000\images\image_026.png,"['C:\\Users\\Victor\\Desktop\\University\\Master\\Semester 1\\Synthetic Data Generation for Skin Cancer Detection\\POC\\synthetic-data-gen\\logs\\experiments\\experiment_2_20251220_042000\\images\\ref_026_0.png', 'C:\\Users\\Victor\\Desktop\\University\\Master\\Semester 1\\Synthetic Data Generation for Skin Cancer Detection\\POC\\synthetic-data-gen\\logs\\experiments\\experiment_2_20251220_042000\\images\\ref_026_1.png', 'C:\\Users\\Victor\\Desktop\\University\\Master\\Semester 1\\Synthetic Data Generation for Skin Cancer Detection\\POC\\synthetic-data-gen\\logs\\experiments\\experiment_2_20251220_042000\\images\\ref_026_2.png', 'C:\\Users\\Victor\\Desktop\\University\\Master\\Semester 1\\Synthetic Data Generation for Skin Cancer Detection\\POC\\synthetic-data-gen\\logs\\experiments\\experiment_2_20251220_042000\\images\\ref_026_3.png', 'C:\\Users\\Victor\\Desktop\\University\\Master\\Semester 1\\Synthetic Data Generation for Skin Cancer Detection\\POC\\synthetic-data-gen\\logs\\experiments\\experiment_2_20251220_042000\\images\\ref_026_4.png']",0.46988381386381073,0.0,0.02518734786833928,"{'total_time_seconds': 906.4211568832397, 'seconds_per_image': 453.2105784416199, 'avg_power_watts': 59.78146031746031, 'peak_power_watts': 62.75, 'total_energy_wh': 15.051994561422738, 'energy_per_image_wh': 7.525997280711369}"
"Gnenerate a dermoscopic skin lesion of a single vascular lesion, extreme close-up macro, ISIC-style, skin only, no body parts, lesion visible, clinical lighting, sharp focus, clinical photo",sd3.5,stabilityai/stable-diffusion-3.5-large,vasc,vasc,bkl then vasc,template_1,C:\Users\Victor\Desktop\University\Master\Semester 1\Synthetic Data Generation for Skin Cancer Detection\POC\synthetic-data-gen\logs\experiments\experiment_2_20251220_042000\images\image_027.png,"['C:\\Users\\Victor\\Desktop\\University\\Master\\Semester 1\\Synthetic Data Generation for Skin Cancer Detection\\POC\\synthetic-data-gen\\logs\\experiments\\experiment_2_20251220_042000\\images\\ref_027_0.png', 'C:\\Users\\Victor\\Desktop\\University\\Master\\Semester 1\\Synthetic Data Generation for Skin Cancer Detection\\POC\\synthetic-data-gen\\logs\\experiments\\experiment_2_20251220_042000\\images\\ref_027_1.png', 'C:\\Users\\Victor\\Desktop\\University\\Master\\Semester 1\\Synthetic Data Generation for Skin Cancer Detection\\POC\\synthetic-data-gen\\logs\\experiments\\experiment_2_20251220_042000\\images\\ref_027_2.png', 'C:\\Users\\Victor\\Desktop\\University\\Master\\Semester 1\\Synthetic Data Generation for Skin Cancer Detection\\POC\\synthetic-data-gen\\logs\\experiments\\experiment_2_20251220_042000\\images\\ref_027_3.png', 'C:\\Users\\Victor\\Desktop\\University\\Master\\Semester 1\\Synthetic Data Generation for Skin Cancer Detection\\POC\\synthetic-data-gen\\logs\\experiments\\experiment_2_20251220_042000\\images\\ref_027_4.png']",0.6749273598351817,0.0,0.027234760706719364,"{'total_time_seconds': 906.4211568832397, 'seconds_per_image': 453.2105784416199, 'avg_power_watts': 59.78146031746031, 'peak_power_watts': 62.75, 'total_energy_wh': 15.051994561422738, 'energy_per_image_wh': 7.525997280711369}"
"Gnenerate a dermoscopic skin lesion of a single benign keratosis, extreme close-up macro, ISIC-style, skin only, no body parts, lesion visible, clinical lighting, sharp focus, clinical photo",sd3.5,stabilityai/stable-diffusion-3.5-large,bkl,bkl,bkl then df,template_1,C:\Users\Victor\Desktop\University\Master\Semester 1\Synthetic Data Generation for Skin Cancer Detection\POC\synthetic-data-gen\logs\experiments\experiment_2_20251220_042000\images\image_028.png,"['C:\\Users\\Victor\\Desktop\\University\\Master\\Semester 1\\Synthetic Data Generation for Skin Cancer Detection\\POC\\synthetic-data-gen\\logs\\experiments\\experiment_2_20251220_042000\\images\\ref_028_0.png', 'C:\\Users\\Victor\\Desktop\\University\\Master\\Semester 1\\Synthetic Data Generation for Skin Cancer Detection\\POC\\synthetic-data-gen\\logs\\experiments\\experiment_2_20251220_042000\\images\\ref_028_1.png', 'C:\\Users\\Victor\\Desktop\\University\\Master\\Semester 1\\Synthetic Data Generation for Skin Cancer Detection\\POC\\synthetic-data-gen\\logs\\experiments\\experiment_2_20251220_042000\\images\\ref_028_2.png', 'C:\\Users\\Victor\\Desktop\\University\\Master\\Semester 1\\Synthetic Data Generation for Skin Cancer Detection\\POC\\synthetic-data-gen\\logs\\experiments\\experiment_2_20251220_042000\\images\\ref_028_3.png', 'C:\\Users\\Victor\\Desktop\\University\\Master\\Semester 1\\Synthetic Data Generation for Skin Cancer Detection\\POC\\synthetic-data-gen\\logs\\experiments\\experiment_2_20251220_042000\\images\\ref_028_4.png']",0.34437287665133404,0.03210960243882561,0.018097666897917496,"{'total_time_seconds': 1118.5297985076904, 'seconds_per_image': 559.2648992538452, 'avg_power_watts': 60.13401940755873, 'peak_power_watts': 65.7, 'total_energy_wh': 18.68380350316506, 'energy_per_image_wh': 9.34190175158253}"
"Gnenerate a dermoscopic skin lesion of a single dermatofibroma, extreme close-up macro, ISIC-style, skin only, no body parts, lesion visible, clinical lighting, sharp focus, clinical photo",sd3.5,stabilityai/stable-diffusion-3.5-large,df,df,bkl then df,template_1,C:\Users\Victor\Desktop\University\Master\Semester 1\Synthetic Data Generation for Skin Cancer Detection\POC\synthetic-data-gen\logs\experiments\experiment_2_20251220_042000\images\image_029.png,"['C:\\Users\\Victor\\Desktop\\University\\Master\\Semester 1\\Synthetic Data Generation for Skin Cancer Detection\\POC\\synthetic-data-gen\\logs\\experiments\\experiment_2_20251220_042000\\images\\ref_029_0.png', 'C:\\Users\\Victor\\Desktop\\University\\Master\\Semester 1\\Synthetic Data Generation for Skin Cancer Detection\\POC\\synthetic-data-gen\\logs\\experiments\\experiment_2_20251220_042000\\images\\ref_029_1.png', 'C:\\Users\\Victor\\Desktop\\University\\Master\\Semester 1\\Synthetic Data Generation for Skin Cancer Detection\\POC\\synthetic-data-gen\\logs\\experiments\\experiment_2_20251220_042000\\images\\ref_029_2.png', 'C:\\Users\\Victor\\Desktop\\University\\Master\\Semester 1\\Synthetic Data Generation for Skin Cancer Detection\\POC\\synthetic-data-gen\\logs\\experiments\\experiment_2_20251220_042000\\images\\ref_029_3.png', 'C:\\Users\\Victor\\Desktop\\University\\Master\\Semester 1\\Synthetic Data Generation for Skin Cancer Detection\\POC\\synthetic-data-gen\\logs\\experiments\\experiment_2_20251220_042000\\images\\ref_029_4.png']",0.13985293870858947,0.0,0.03710110173284202,"{'total_time_seconds': 1118.5297985076904, 'seconds_per_image': 559.2648992538452, 'avg_power_watts': 60.13401940755873, 'peak_power_watts': 65.7, 'total_energy_wh': 18.68380350316506, 'energy_per_image_wh': 9.34190175158253}"
"Gnenerate a dermoscopic skin lesion of a single basal cell carcinoma, extreme close-up macro, ISIC-style, skin only, no body parts, lesion visible, clinical lighting, sharp focus, clinical photo",sd3.5,stabilityai/stable-diffusion-3.5-large,bcc,bcc,bcc then akiec,template_1,C:\Users\Victor\Desktop\University\Master\Semester 1\Synthetic Data Generation for Skin Cancer Detection\POC\synthetic-data-gen\logs\experiments\experiment_2_20251220_042000\images\image_030.png,"['C:\\Users\\Victor\\Desktop\\University\\Master\\Semester 1\\Synthetic Data Generation for Skin Cancer Detection\\POC\\synthetic-data-gen\\logs\\experiments\\experiment_2_20251220_042000\\images\\ref_030_0.png', 'C:\\Users\\Victor\\Desktop\\University\\Master\\Semester 1\\Synthetic Data Generation for Skin Cancer Detection\\POC\\synthetic-data-gen\\logs\\experiments\\experiment_2_20251220_042000\\images\\ref_030_1.png', 'C:\\Users\\Victor\\Desktop\\University\\Master\\Semester 1\\Synthetic Data Generation for Skin Cancer Detection\\POC\\synthetic-data-gen\\logs\\experiments\\experiment_2_20251220_042000\\images\\ref_030_2.png', 'C:\\Users\\Victor\\Desktop\\University\\Master\\Semester 1\\Synthetic Data Generation for Skin Cancer Detection\\POC\\synthetic-data-gen\\logs\\experiments\\experiment_2_20251220_042000\\images\\ref_030_3.png', 'C:\\Users\\Victor\\Desktop\\University\\Master\\Semester 1\\Synthetic Data Generation for Skin Cancer Detection\\POC\\synthetic-data-gen\\logs\\experiments\\experiment_2_20251220_042000\\images\\ref_030_4.png']",0.4559730368659574,0.0,0.01663265776345193,"{'total_time_seconds': 1191.5424058437347, 'seconds_per_image': 595.7712029218674, 'avg_power_watts': 59.7111793136781, 'peak_power_watts': 65.66, 'total_energy_wh': 19.76344507088518, 'energy_per_image_wh': 9.88172253544259}"
"Gnenerate a dermoscopic skin lesion of a single actinic keratosis, extreme close-up macro, ISIC-style, skin only, no body parts, lesion visible, clinical lighting, sharp focus, clinical photo",sd3.5,stabilityai/stable-diffusion-3.5-large,akiec,akiec,bcc then akiec,template_1,C:\Users\Victor\Desktop\University\Master\Semester 1\Synthetic Data Generation for Skin Cancer Detection\POC\synthetic-data-gen\logs\experiments\experiment_2_20251220_042000\images\image_031.png,"['C:\\Users\\Victor\\Desktop\\University\\Master\\Semester 1\\Synthetic Data Generation for Skin Cancer Detection\\POC\\synthetic-data-gen\\logs\\experiments\\experiment_2_20251220_042000\\images\\ref_031_0.png', 'C:\\Users\\Victor\\Desktop\\University\\Master\\Semester 1\\Synthetic Data Generation for Skin Cancer Detection\\POC\\synthetic-data-gen\\logs\\experiments\\experiment_2_20251220_042000\\images\\ref_031_1.png', 'C:\\Users\\Victor\\Desktop\\University\\Master\\Semester 1\\Synthetic Data Generation for Skin Cancer Detection\\POC\\synthetic-data-gen\\logs\\experiments\\experiment_2_20251220_042000\\images\\ref_031_2.png', 'C:\\Users\\Victor\\Desktop\\University\\Master\\Semester 1\\Synthetic Data Generation for Skin Cancer Detection\\POC\\synthetic-data-gen\\logs\\experiments\\experiment_2_20251220_042000\\images\\ref_031_3.png', 'C:\\Users\\Victor\\Desktop\\University\\Master\\Semester 1\\Synthetic Data Generation for Skin Cancer Detection\\POC\\synthetic-data-gen\\logs\\experiments\\experiment_2_20251220_042000\\images\\ref_031_4.png']",0.5658037795289766,0.0,0.020854374459005107,"{'total_time_seconds': 1191.5424058437347, 'seconds_per_image': 595.7712029218674, 'avg_power_watts': 59.7111793136781, 'peak_power_watts': 65.66, 'total_energy_wh': 19.76344507088518, 'energy_per_image_wh': 9.88172253544259}"
"Gnenerate a dermoscopic skin lesion of a single basal cell carcinoma, extreme close-up macro, ISIC-style, skin only, no body parts, lesion visible, clinical lighting, sharp focus, clinical photo",sd3.5,stabilityai/stable-diffusion-3.5-large,bcc,bcc,bcc then vasc,template_1,C:\Users\Victor\Desktop\University\Master\Semester 1\Synthetic Data Generation for Skin Cancer Detection\POC\synthetic-data-gen\logs\experiments\experiment_2_20251220_042000\images\image_032.png,"['C:\\Users\\Victor\\Desktop\\University\\Master\\Semester 1\\Synthetic Data Generation for Skin Cancer Detection\\POC\\synthetic-data-gen\\logs\\experiments\\experiment_2_20251220_042000\\images\\ref_032_0.png', 'C:\\Users\\Victor\\Desktop\\University\\Master\\Semester 1\\Synthetic Data Generation for Skin Cancer Detection\\POC\\synthetic-data-gen\\logs\\experiments\\experiment_2_20251220_042000\\images\\ref_032_1.png', 'C:\\Users\\Victor\\Desktop\\University\\Master\\Semester 1\\Synthetic Data Generation for Skin Cancer Detection\\POC\\synthetic-data-gen\\logs\\experiments\\experiment_2_20251220_042000\\images\\ref_032_2.png', 'C:\\Users\\Victor\\Desktop\\University\\Master\\Semester 1\\Synthetic Data Generation for Skin Cancer Detection\\POC\\synthetic-data-gen\\logs\\experiments\\experiment_2_20251220_042000\\images\\ref_032_3.png', 'C:\\Users\\Victor\\Desktop\\University\\Master\\Semester 1\\Synthetic Data Generation for Skin Cancer Detection\\POC\\synthetic-data-gen\\logs\\experiments\\experiment_2_20251220_042000\\images\\ref_032_4.png']",0.6108265361367861,0.19681112848421445,0.04390885613395764,"{'total_time_seconds': 1028.8831069469452, 'seconds_per_image': 514.4415534734726, 'avg_power_watts': 60.42537904124861, 'peak_power_watts': 67.42, 'total_energy_wh': 17.269625479557416, 'energy_per_image_wh': 8.634812739778708}"
"Gnenerate a dermoscopic skin lesion of a single vascular lesion, extreme close-up macro, ISIC-style, skin only, no body parts, lesion visible, clinical lighting, sharp focus, clinical photo",sd3.5,stabilityai/stable-diffusion-3.5-large,vasc,vasc,bcc then vasc,template_1,C:\Users\Victor\Desktop\University\Master\Semester 1\Synthetic Data Generation for Skin Cancer Detection\POC\synthetic-data-gen\logs\experiments\experiment_2_20251220_042000\images\image_033.png,"['C:\\Users\\Victor\\Desktop\\University\\Master\\Semester 1\\Synthetic Data Generation for Skin Cancer Detection\\POC\\synthetic-data-gen\\logs\\experiments\\experiment_2_20251220_042000\\images\\ref_033_0.png', 'C:\\Users\\Victor\\Desktop\\University\\Master\\Semester 1\\Synthetic Data Generation for Skin Cancer Detection\\POC\\synthetic-data-gen\\logs\\experiments\\experiment_2_20251220_042000\\images\\ref_033_1.png', 'C:\\Users\\Victor\\Desktop\\University\\Master\\Semester 1\\Synthetic Data Generation for Skin Cancer Detection\\POC\\synthetic-data-gen\\logs\\experiments\\experiment_2_20251220_042000\\images\\ref_033_2.png', 'C:\\Users\\Victor\\Desktop\\University\\Master\\Semester 1\\Synthetic Data Generation for Skin Cancer Detection\\POC\\synthetic-data-gen\\logs\\experiments\\experiment_2_20251220_042000\\images\\ref_033_3.png', 'C:\\Users\\Victor\\Desktop\\University\\Master\\Semester 1\\Synthetic Data Generation for Skin Cancer Detection\\POC\\synthetic-data-gen\\logs\\experiments\\experiment_2_20251220_042000\\images\\ref_033_4.png']",0.3207122279224872,0.0,0.01526645085721055,"{'total_time_seconds': 1028.8831069469452, 'seconds_per_image': 514.4415534734726, 'avg_power_watts': 60.42537904124861, 'peak_power_watts': 67.42, 'total_energy_wh': 17.269625479557416, 'energy_per_image_wh': 8.634812739778708}"
"Gnenerate a dermoscopic skin lesion of a single basal cell carcinoma, extreme close-up macro, ISIC-style, skin only, no body parts, lesion visible, clinical lighting, sharp focus, clinical photo",sd3.5,stabilityai/stable-diffusion-3.5-large,bcc,bcc,bcc then df,template_1,C:\Users\Victor\Desktop\University\Master\Semester 1\Synthetic Data Generation for Skin Cancer Detection\POC\synthetic-data-gen\logs\experiments\experiment_2_20251220_042000\images\image_034.png,"['C:\\Users\\Victor\\Desktop\\University\\Master\\Semester 1\\Synthetic Data Generation for Skin Cancer Detection\\POC\\synthetic-data-gen\\logs\\experiments\\experiment_2_20251220_042000\\images\\ref_034_0.png', 'C:\\Users\\Victor\\Desktop\\University\\Master\\Semester 1\\Synthetic Data Generation for Skin Cancer Detection\\POC\\synthetic-data-gen\\logs\\experiments\\experiment_2_20251220_042000\\images\\ref_034_1.png', 'C:\\Users\\Victor\\Desktop\\University\\Master\\Semester 1\\Synthetic Data Generation for Skin Cancer Detection\\POC\\synthetic-data-gen\\logs\\experiments\\experiment_2_20251220_042000\\images\\ref_034_2.png', 'C:\\Users\\Victor\\Desktop\\University\\Master\\Semester 1\\Synthetic Data Generation for Skin Cancer Detection\\POC\\synthetic-data-gen\\logs\\experiments\\experiment_2_20251220_042000\\images\\ref_034_3.png', 'C:\\Users\\Victor\\Desktop\\University\\Master\\Semester 1\\Synthetic Data Generation for Skin Cancer Detection\\POC\\synthetic-data-gen\\logs\\experiments\\experiment_2_20251220_042000\\images\\ref_034_4.png']",0.41267101630392167,0.0,0.046866970015643536,"{'total_time_seconds': 1111.8451080322266, 'seconds_per_image': 555.9225540161133, 'avg_power_watts': 60.29632413087934, 'peak_power_watts': 62.28, 'total_energy_wh': 18.62227028256769, 'energy_per_image_wh': 9.311135141283845}"
"Gnenerate a dermoscopic skin lesion of a single dermatofibroma, extreme close-up macro, ISIC-style, skin only, no body parts, lesion visible, clinical lighting, sharp focus, clinical photo",sd3.5,stabilityai/stable-diffusion-3.5-large,df,df,bcc then df,template_1,C:\Users\Victor\Desktop\University\Master\Semester 1\Synthetic Data Generation for Skin Cancer Detection\POC\synthetic-data-gen\logs\experiments\experiment_2_20251220_042000\images\image_035.png,"['C:\\Users\\Victor\\Desktop\\University\\Master\\Semester 1\\Synthetic Data Generation for Skin Cancer Detection\\POC\\synthetic-data-gen\\logs\\experiments\\experiment_2_20251220_042000\\images\\ref_035_0.png', 'C:\\Users\\Victor\\Desktop\\University\\Master\\Semester 1\\Synthetic Data Generation for Skin Cancer Detection\\POC\\synthetic-data-gen\\logs\\experiments\\experiment_2_20251220_042000\\images\\ref_035_1.png', 'C:\\Users\\Victor\\Desktop\\University\\Master\\Semester 1\\Synthetic Data Generation for Skin Cancer Detection\\POC\\synthetic-data-gen\\logs\\experiments\\experiment_2_20251220_042000\\images\\ref_035_2.png', 'C:\\Users\\Victor\\Desktop\\University\\Master\\Semester 1\\Synthetic Data Generation for Skin Cancer Detection\\POC\\synthetic-data-gen\\logs\\experiments\\experiment_2_20251220_042000\\images\\ref_035_3.png', 'C:\\Users\\Victor\\Desktop\\University\\Master\\Semester 1\\Synthetic Data Generation for Skin Cancer Detection\\POC\\synthetic-data-gen\\logs\\experiments\\experiment_2_20251220_042000\\images\\ref_035_4.png']",0.31411471183417194,0.0,0.023037907707410286,"{'total_time_seconds': 1111.8451080322266, 'seconds_per_image': 555.9225540161133, 'avg_power_watts': 60.29632413087934, 'peak_power_watts': 62.28, 'total_energy_wh': 18.62227028256769, 'energy_per_image_wh': 9.311135141283845}"
"Gnenerate a dermoscopic skin lesion of a single actinic keratosis, extreme close-up macro, ISIC-style, skin only, no body parts, lesion visible, clinical lighting, sharp focus, clinical photo",sd3.5,stabilityai/stable-diffusion-3.5-large,akiec,akiec,akiec then vasc,template_1,C:\Users\Victor\Desktop\University\Master\Semester 1\Synthetic Data Generation for Skin Cancer Detection\POC\synthetic-data-gen\logs\experiments\experiment_2_20251220_042000\images\image_036.png,"['C:\\Users\\Victor\\Desktop\\University\\Master\\Semester 1\\Synthetic Data Generation for Skin Cancer Detection\\POC\\synthetic-data-gen\\logs\\experiments\\experiment_2_20251220_042000\\images\\ref_036_0.png', 'C:\\Users\\Victor\\Desktop\\University\\Master\\Semester 1\\Synthetic Data Generation for Skin Cancer Detection\\POC\\synthetic-data-gen\\logs\\experiments\\experiment_2_20251220_042000\\images\\ref_036_1.png', 'C:\\Users\\Victor\\Desktop\\University\\Master\\Semester 1\\Synthetic Data Generation for Skin Cancer Detection\\POC\\synthetic-data-gen\\logs\\experiments\\experiment_2_20251220_042000\\images\\ref_036_2.png', 'C:\\Users\\Victor\\Desktop\\University\\Master\\Semester 1\\Synthetic Data Generation for Skin Cancer Detection\\POC\\synthetic-data-gen\\logs\\experiments\\experiment_2_20251220_042000\\images\\ref_036_3.png', 'C:\\Users\\Victor\\Desktop\\University\\Master\\Semester 1\\Synthetic Data Generation for Skin Cancer Detection\\POC\\synthetic-data-gen\\logs\\experiments\\experiment_2_20251220_042000\\images\\ref_036_4.png']",0.4679795769022956,0.0,0.019127742811744654,"{'total_time_seconds': 1124.5564959049225, 'seconds_per_image': 562.2782479524612, 'avg_power_watts': 59.64630445925167, 'peak_power_watts': 63.15, 'total_energy_wh': 18.63212198232617, 'energy_per_image_wh': 9.316060991163084}"
"Gnenerate a dermoscopic skin lesion of a single vascular lesion, extreme close-up macro, ISIC-style, skin only, no body parts, lesion visible, clinical lighting, sharp focus, clinical photo",sd3.5,stabilityai/stable-diffusion-3.5-large,vasc,vasc,akiec then vasc,template_1,C:\Users\Victor\Desktop\University\Master\Semester 1\Synthetic Data Generation for Skin Cancer Detection\POC\synthetic-data-gen\logs\experiments\experiment_2_20251220_042000\images\image_037.png,"['C:\\Users\\Victor\\Desktop\\University\\Master\\Semester 1\\Synthetic Data Generation for Skin Cancer Detection\\POC\\synthetic-data-gen\\logs\\experiments\\experiment_2_20251220_042000\\images\\ref_037_0.png', 'C:\\Users\\Victor\\Desktop\\University\\Master\\Semester 1\\Synthetic Data Generation for Skin Cancer Detection\\POC\\synthetic-data-gen\\logs\\experiments\\experiment_2_20251220_042000\\images\\ref_037_1.png', 'C:\\Users\\Victor\\Desktop\\University\\Master\\Semester 1\\Synthetic Data Generation for Skin Cancer Detection\\POC\\synthetic-data-gen\\logs\\experiments\\experiment_2_20251220_042000\\images\\ref_037_2.png', 'C:\\Users\\Victor\\Desktop\\University\\Master\\Semester 1\\Synthetic Data Generation for Skin Cancer Detection\\POC\\synthetic-data-gen\\logs\\experiments\\experiment_2_20251220_042000\\images\\ref_037_3.png', 'C:\\Users\\Victor\\Desktop\\University\\Master\\Semester 1\\Synthetic Data Generation for Skin Cancer Detection\\POC\\synthetic-data-gen\\logs\\experiments\\experiment_2_20251220_042000\\images\\ref_037_4.png']",0.40570841297083593,0.0,0.028166249079349347,"{'total_time_seconds': 1124.5564959049225, 'seconds_per_image': 562.2782479524612, 'avg_power_watts': 59.64630445925167, 'peak_power_watts': 63.15, 'total_energy_wh': 18.63212198232617, 'energy_per_image_wh': 9.316060991163084}"
"Gnenerate a dermoscopic skin lesion of a single actinic keratosis, extreme close-up macro, ISIC-style, skin only, no body parts, lesion visible, clinical lighting, sharp focus, clinical photo",sd3.5,stabilityai/stable-diffusion-3.5-large,akiec,akiec,akiec then df,template_1,C:\Users\Victor\Desktop\University\Master\Semester 1\Synthetic Data Generation for Skin Cancer Detection\POC\synthetic-data-gen\logs\experiments\experiment_2_20251220_042000\images\image_038.png,"['C:\\Users\\Victor\\Desktop\\University\\Master\\Semester 1\\Synthetic Data Generation for Skin Cancer Detection\\POC\\synthetic-data-gen\\logs\\experiments\\experiment_2_20251220_042000\\images\\ref_038_0.png', 'C:\\Users\\Victor\\Desktop\\University\\Master\\Semester 1\\Synthetic Data Generation for Skin Cancer Detection\\POC\\synthetic-data-gen\\logs\\experiments\\experiment_2_20251220_042000\\images\\ref_038_1.png', 'C:\\Users\\Victor\\Desktop\\University\\Master\\Semester 1\\Synthetic Data Generation for Skin Cancer Detection\\POC\\synthetic-data-gen\\logs\\experiments\\experiment_2_20251220_042000\\images\\ref_038_2.png', 'C:\\Users\\Victor\\Desktop\\University\\Master\\Semester 1\\Synthetic Data Generation for Skin Cancer Detection\\POC\\synthetic-data-gen\\logs\\experiments\\experiment_2_20251220_042000\\images\\ref_038_3.png', 'C:\\Users\\Victor\\Desktop\\University\\Master\\Semester 1\\Synthetic Data Generation for Skin Cancer Detection\\POC\\synthetic-data-gen\\logs\\experiments\\experiment_2_20251220_042000\\images\\ref_038_4.png']",0.5503837382585463,0.5025572027450889,0.16581423970980716,"{'total_time_seconds': 939.0664029121399, 'seconds_per_image': 469.53320145606995, 'avg_power_watts': 60.358817401960785, 'peak_power_watts': 67.18, 'total_energy_wh': 15.744704872691665, 'energy_per_image_wh': 7.872352436345833}"
"Gnenerate a dermoscopic skin lesion of a single dermatofibroma, extreme close-up macro, ISIC-style, skin only, no body parts, lesion visible, clinical lighting, sharp focus, clinical photo",sd3.5,stabilityai/stable-diffusion-3.5-large,df,df,akiec then df,template_1,C:\Users\Victor\Desktop\University\Master\Semester 1\Synthetic Data Generation for Skin Cancer Detection\POC\synthetic-data-gen\logs\experiments\experiment_2_20251220_042000\images\image_039.png,"['C:\\Users\\Victor\\Desktop\\University\\Master\\Semester 1\\Synthetic Data Generation for Skin Cancer Detection\\POC\\synthetic-data-gen\\logs\\experiments\\experiment_2_20251220_042000\\images\\ref_039_0.png', 'C:\\Users\\Victor\\Desktop\\University\\Master\\Semester 1\\Synthetic Data Generation for Skin Cancer Detection\\POC\\synthetic-data-gen\\logs\\experiments\\experiment_2_20251220_042000\\images\\ref_039_1.png', 'C:\\Users\\Victor\\Desktop\\University\\Master\\Semester 1\\Synthetic Data Generation for Skin Cancer Detection\\POC\\synthetic-data-gen\\logs\\experiments\\experiment_2_20251220_042000\\images\\ref_039_2.png', 'C:\\Users\\Victor\\Desktop\\University\\Master\\Semester 1\\Synthetic Data Generation for Skin Cancer Detection\\POC\\synthetic-data-gen\\logs\\experiments\\experiment_2_20251220_042000\\images\\ref_039_3.png', 'C:\\Users\\Victor\\Desktop\\University\\Master\\Semester 1\\Synthetic Data Generation for Skin Cancer Detection\\POC\\synthetic-data-gen\\logs\\experiments\\experiment_2_20251220_042000\\images\\ref_039_4.png']",0.3774460229541609,0.00528530914762703,0.06612115656821209,"{'total_time_seconds': 939.0664029121399, 'seconds_per_image': 469.53320145606995, 'avg_power_watts': 60.358817401960785, 'peak_power_watts': 67.18, 'total_energy_wh': 15.744704872691665, 'energy_per_image_wh': 7.872352436345833}"
"Gnenerate a dermoscopic skin lesion of a single vascular lesion, extreme close-up macro, ISIC-style, skin only, no body parts, lesion visible, clinical lighting, sharp focus, clinical photo",sd3.5,stabilityai/stable-diffusion-3.5-large,vasc,vasc,vasc then df,template_1,C:\Users\Victor\Desktop\University\Master\Semester 1\Synthetic Data Generation for Skin Cancer Detection\POC\synthetic-data-gen\logs\experiments\experiment_2_20251220_042000\images\image_040.png,"['C:\\Users\\Victor\\Desktop\\University\\Master\\Semester 1\\Synthetic Data Generation for Skin Cancer Detection\\POC\\synthetic-data-gen\\logs\\experiments\\experiment_2_20251220_042000\\images\\ref_040_0.png', 'C:\\Users\\Victor\\Desktop\\University\\Master\\Semester 1\\Synthetic Data Generation for Skin Cancer Detection\\POC\\synthetic-data-gen\\logs\\experiments\\experiment_2_20251220_042000\\images\\ref_040_1.png', 'C:\\Users\\Victor\\Desktop\\University\\Master\\Semester 1\\Synthetic Data Generation for Skin Cancer Detection\\POC\\synthetic-data-gen\\logs\\experiments\\experiment_2_20251220_042000\\images\\ref_040_2.png', 'C:\\Users\\Victor\\Desktop\\University\\Master\\Semester 1\\Synthetic Data Generation for Skin Cancer Detection\\POC\\synthetic-data-gen\\logs\\experiments\\experiment_2_20251220_042000\\images\\ref_040_3.png', 'C:\\Users\\Victor\\Desktop\\University\\Master\\Semester 1\\Synthetic Data Generation for Skin Cancer Detection\\POC\\synthetic-data-gen\\logs\\experiments\\experiment_2_20251220_042000\\images\\ref_040_4.png']",0.06335987160053565,0.11645587082642077,0.018587292651153067,"{'total_time_seconds': 1100.7792024612427, 'seconds_per_image': 550.3896012306213, 'avg_power_watts': 60.365218068535825, 'peak_power_watts': 66.27, 'total_energy_wh': 18.45799350052274, 'energy_per_image_wh': 9.22899675026137}"
"Gnenerate a dermoscopic skin lesion of a single dermatofibroma, extreme close-up macro, ISIC-style, skin only, no body parts, lesion visible, clinical lighting, sharp focus, clinical photo",sd3.5,stabilityai/stable-diffusion-3.5-large,df,df,vasc then df,template_1,C:\Users\Victor\Desktop\University\Master\Semester 1\Synthetic Data Generation for Skin Cancer Detection\POC\synthetic-data-gen\logs\experiments\experiment_2_20251220_042000\images\image_041.png,"['C:\\Users\\Victor\\Desktop\\University\\Master\\Semester 1\\Synthetic Data Generation for Skin Cancer Detection\\POC\\synthetic-data-gen\\logs\\experiments\\experiment_2_20251220_042000\\images\\ref_041_0.png', 'C:\\Users\\Victor\\Desktop\\University\\Master\\Semester 1\\Synthetic Data Generation for Skin Cancer Detection\\POC\\synthetic-data-gen\\logs\\experiments\\experiment_2_20251220_042000\\images\\ref_041_1.png', 'C:\\Users\\Victor\\Desktop\\University\\Master\\Semester 1\\Synthetic Data Generation for Skin Cancer Detection\\POC\\synthetic-data-gen\\logs\\experiments\\experiment_2_20251220_042000\\images\\ref_041_2.png', 'C:\\Users\\Victor\\Desktop\\University\\Master\\Semester 1\\Synthetic Data Generation for Skin Cancer Detection\\POC\\synthetic-data-gen\\logs\\experiments\\experiment_2_20251220_042000\\images\\ref_041_3.png', 'C:\\Users\\Victor\\Desktop\\University\\Master\\Semester 1\\Synthetic Data Generation for Skin Cancer Detection\\POC\\synthetic-data-gen\\logs\\experiments\\experiment_2_20251220_042000\\images\\ref_041_4.png']",0.398792196338038,0.0,0.017177185847960835,"{'total_time_seconds': 1100.7792024612427, 'seconds_per_image': 550.3896012306213, 'avg_power_watts': 60.365218068535825, 'peak_power_watts': 66.27, 'total_energy_wh': 18.45799350052274, 'energy_per_image_wh': 9.22899675026137}"
"ultra photorealistic ISIC-style dermoscopic close-up photograph of a single melanocytic nevus skin lesion on real human skin, taken with a contact polarized dermatoscope using immersion fluid, lesion occupying about one third of the frame on a light pink skin background, full lesion visible and slightly off-center, fine body hairs crossing the lesion and surrounding skin, subtle surface reflections from the dermatoscope contact plate, even soft clinical lighting with no harsh shadows, razor-sharp focus over the entire lesion, natural skin texture and pores clearly visible, realistic color range from light pink to dark brown and black, irregular pigment network and internal structures clearly defined, unedited hospital dermatology research image, no artistic style, no filters, clear skin, no hairs",sd3.5,stabilityai/stable-diffusion-3.5-large,nv,nv,nv then mel,template_2,C:\Users\Victor\Desktop\University\Master\Semester 1\Synthetic Data Generation for Skin Cancer Detection\POC\synthetic-data-gen\logs\experiments\experiment_2_20251220_042000\images\image_042.png,"['C:\\Users\\Victor\\Desktop\\University\\Master\\Semester 1\\Synthetic Data Generation for Skin Cancer Detection\\POC\\synthetic-data-gen\\logs\\experiments\\experiment_2_20251220_042000\\images\\ref_042_0.png', 'C:\\Users\\Victor\\Desktop\\University\\Master\\Semester 1\\Synthetic Data Generation for Skin Cancer Detection\\POC\\synthetic-data-gen\\logs\\experiments\\experiment_2_20251220_042000\\images\\ref_042_1.png', 'C:\\Users\\Victor\\Desktop\\University\\Master\\Semester 1\\Synthetic Data Generation for Skin Cancer Detection\\POC\\synthetic-data-gen\\logs\\experiments\\experiment_2_20251220_042000\\images\\ref_042_2.png', 'C:\\Users\\Victor\\Desktop\\University\\Master\\Semester 1\\Synthetic Data Generation for Skin Cancer Detection\\POC\\synthetic-data-gen\\logs\\experiments\\experiment_2_20251220_042000\\images\\ref_042_3.png', 'C:\\Users\\Victor\\Desktop\\University\\Master\\Semester 1\\Synthetic Data Generation for Skin Cancer Detection\\POC\\synthetic-data-gen\\logs\\experiments\\experiment_2_20251220_042000\\images\\ref_042_4.png']",0.44662006428652895,0.22004286832419934,0.013139876397418853,"{'total_time_seconds': 909.6810989379883, 'seconds_per_image': 454.84054946899414, 'avg_power_watts': 59.74630476190476, 'peak_power_watts': 62.81, 'total_energy_wh': 15.097245603692635, 'energy_per_image_wh': 7.548622801846317}"
"ultra photorealistic ISIC-style dermoscopic close-up photograph of a single melanoma skin lesion on real human skin, taken with a contact polarized dermatoscope using immersion fluid, lesion occupying about one third of the frame on a light pink skin background, full lesion visible and slightly off-center, fine body hairs crossing the lesion and surrounding skin, subtle surface reflections from the dermatoscope contact plate, even soft clinical lighting with no harsh shadows, razor-sharp focus over the entire lesion, natural skin texture and pores clearly visible, realistic color range from light pink to dark brown and black, irregular pigment network and internal structures clearly defined, unedited hospital dermatology research image, no artistic style, no filters, clear skin, no hairs",sd3.5,stabilityai/stable-diffusion-3.5-large,mel,mel,nv then mel,template_2,C:\Users\Victor\Desktop\University\Master\Semester 1\Synthetic Data Generation for Skin Cancer Detection\POC\synthetic-data-gen\logs\experiments\experiment_2_20251220_042000\images\image_043.png,"['C:\\Users\\Victor\\Desktop\\University\\Master\\Semester 1\\Synthetic Data Generation for Skin Cancer Detection\\POC\\synthetic-data-gen\\logs\\experiments\\experiment_2_20251220_042000\\images\\ref_043_0.png', 'C:\\Users\\Victor\\Desktop\\University\\Master\\Semester 1\\Synthetic Data Generation for Skin Cancer Detection\\POC\\synthetic-data-gen\\logs\\experiments\\experiment_2_20251220_042000\\images\\ref_043_1.png', 'C:\\Users\\Victor\\Desktop\\University\\Master\\Semester 1\\Synthetic Data Generation for Skin Cancer Detection\\POC\\synthetic-data-gen\\logs\\experiments\\experiment_2_20251220_042000\\images\\ref_043_2.png', 'C:\\Users\\Victor\\Desktop\\University\\Master\\Semester 1\\Synthetic Data Generation for Skin Cancer Detection\\POC\\synthetic-data-gen\\logs\\experiments\\experiment_2_20251220_042000\\images\\ref_043_3.png', 'C:\\Users\\Victor\\Desktop\\University\\Master\\Semester 1\\Synthetic Data Generation for Skin Cancer Detection\\POC\\synthetic-data-gen\\logs\\experiments\\experiment_2_20251220_042000\\images\\ref_043_4.png']",0.35426971518522826,0.025404636387160708,0.01781110703658343,"{'total_time_seconds': 909.6810989379883, 'seconds_per_image': 454.84054946899414, 'avg_power_watts': 59.74630476190476, 'peak_power_watts': 62.81, 'total_energy_wh': 15.097245603692635, 'energy_per_image_wh': 7.548622801846317}"
"ultra photorealistic ISIC-style dermoscopic close-up photograph of a single melanocytic nevus skin lesion on real human skin, taken with a contact polarized dermatoscope using immersion fluid, lesion occupying about one third of the frame on a light pink skin background, full lesion visible and slightly off-center, fine body hairs crossing the lesion and surrounding skin, subtle surface reflections from the dermatoscope contact plate, even soft clinical lighting with no harsh shadows, razor-sharp focus over the entire lesion, natural skin texture and pores clearly visible, realistic color range from light pink to dark brown and black, irregular pigment network and internal structures clearly defined, unedited hospital dermatology research image, no artistic style, no filters, clear skin, no hairs",sd3.5,stabilityai/stable-diffusion-3.5-large,nv,nv,nv then bkl,template_2,C:\Users\Victor\Desktop\University\Master\Semester 1\Synthetic Data Generation for Skin Cancer Detection\POC\synthetic-data-gen\logs\experiments\experiment_2_20251220_042000\images\image_044.png,"['C:\\Users\\Victor\\Desktop\\University\\Master\\Semester 1\\Synthetic Data Generation for Skin Cancer Detection\\POC\\synthetic-data-gen\\logs\\experiments\\experiment_2_20251220_042000\\images\\ref_044_0.png', 'C:\\Users\\Victor\\Desktop\\University\\Master\\Semester 1\\Synthetic Data Generation for Skin Cancer Detection\\POC\\synthetic-data-gen\\logs\\experiments\\experiment_2_20251220_042000\\images\\ref_044_1.png', 'C:\\Users\\Victor\\Desktop\\University\\Master\\Semester 1\\Synthetic Data Generation for Skin Cancer Detection\\POC\\synthetic-data-gen\\logs\\experiments\\experiment_2_20251220_042000\\images\\ref_044_2.png', 'C:\\Users\\Victor\\Desktop\\University\\Master\\Semester 1\\Synthetic Data Generation for Skin Cancer Detection\\POC\\synthetic-data-gen\\logs\\experiments\\experiment_2_20251220_042000\\images\\ref_044_3.png', 'C:\\Users\\Victor\\Desktop\\University\\Master\\Semester 1\\Synthetic Data Generation for Skin Cancer Detection\\POC\\synthetic-data-gen\\logs\\experiments\\experiment_2_20251220_042000\\images\\ref_044_4.png']",0.4734158510443181,0.1322409734521642,0.01462446581098105,"{'total_time_seconds': 1095.5488226413727, 'seconds_per_image': 547.7744113206863, 'avg_power_watts': 60.23983411093831, 'peak_power_watts': 66.27, 'total_energy_wh': 18.33213314898613, 'energy_per_image_wh': 9.166066574493065}"
"ultra photorealistic ISIC-style dermoscopic close-up photograph of a single benign keratosis skin lesion on real human skin, taken with a contact polarized dermatoscope using immersion fluid, lesion occupying about one third of the frame on a light pink skin background, full lesion visible and slightly off-center, fine body hairs crossing the lesion and surrounding skin, subtle surface reflections from the dermatoscope contact plate, even soft clinical lighting with no harsh shadows, razor-sharp focus over the entire lesion, natural skin texture and pores clearly visible, realistic color range from light pink to dark brown and black, irregular pigment network and internal structures clearly defined, unedited hospital dermatology research image, no artistic style, no filters, clear skin, no hairs",sd3.5,stabilityai/stable-diffusion-3.5-large,bkl,bkl,nv then bkl,template_2,C:\Users\Victor\Desktop\University\Master\Semester 1\Synthetic Data Generation for Skin Cancer Detection\POC\synthetic-data-gen\logs\experiments\experiment_2_20251220_042000\images\image_045.png,"['C:\\Users\\Victor\\Desktop\\University\\Master\\Semester 1\\Synthetic Data Generation for Skin Cancer Detection\\POC\\synthetic-data-gen\\logs\\experiments\\experiment_2_20251220_042000\\images\\ref_045_0.png', 'C:\\Users\\Victor\\Desktop\\University\\Master\\Semester 1\\Synthetic Data Generation for Skin Cancer Detection\\POC\\synthetic-data-gen\\logs\\experiments\\experiment_2_20251220_042000\\images\\ref_045_1.png', 'C:\\Users\\Victor\\Desktop\\University\\Master\\Semester 1\\Synthetic Data Generation for Skin Cancer Detection\\POC\\synthetic-data-gen\\logs\\experiments\\experiment_2_20251220_042000\\images\\ref_045_2.png', 'C:\\Users\\Victor\\Desktop\\University\\Master\\Semester 1\\Synthetic Data Generation for Skin Cancer Detection\\POC\\synthetic-data-gen\\logs\\experiments\\experiment_2_20251220_042000\\images\\ref_045_3.png', 'C:\\Users\\Victor\\Desktop\\University\\Master\\Semester 1\\Synthetic Data Generation for Skin Cancer Detection\\POC\\synthetic-data-gen\\logs\\experiments\\experiment_2_20251220_042000\\images\\ref_045_4.png']",0.4423836439364105,0.0,0.05280367416810877,"{'total_time_seconds': 1095.5488226413727, 'seconds_per_image': 547.7744113206863, 'avg_power_watts': 60.23983411093831, 'peak_power_watts': 66.27, 'total_energy_wh': 18.33213314898613, 'energy_per_image_wh': 9.166066574493065}"
"ultra photorealistic ISIC-style dermoscopic close-up photograph of a single melanocytic nevus skin lesion on real human skin, taken with a contact polarized dermatoscope using immersion fluid, lesion occupying about one third of the frame on a light pink skin background, full lesion visible and slightly off-center, fine body hairs crossing the lesion and surrounding skin, subtle surface reflections from the dermatoscope contact plate, even soft clinical lighting with no harsh shadows, razor-sharp focus over the entire lesion, natural skin texture and pores clearly visible, realistic color range from light pink to dark brown and black, irregular pigment network and internal structures clearly defined, unedited hospital dermatology research image, no artistic style, no filters, clear skin, no hairs",sd3.5,stabilityai/stable-diffusion-3.5-large,nv,nv,nv then bcc,template_2,C:\Users\Victor\Desktop\University\Master\Semester 1\Synthetic Data Generation for Skin Cancer Detection\POC\synthetic-data-gen\logs\experiments\experiment_2_20251220_042000\images\image_046.png,"['C:\\Users\\Victor\\Desktop\\University\\Master\\Semester 1\\Synthetic Data Generation for Skin Cancer Detection\\POC\\synthetic-data-gen\\logs\\experiments\\experiment_2_20251220_042000\\images\\ref_046_0.png', 'C:\\Users\\Victor\\Desktop\\University\\Master\\Semester 1\\Synthetic Data Generation for Skin Cancer Detection\\POC\\synthetic-data-gen\\logs\\experiments\\experiment_2_20251220_042000\\images\\ref_046_1.png', 'C:\\Users\\Victor\\Desktop\\University\\Master\\Semester 1\\Synthetic Data Generation for Skin Cancer Detection\\POC\\synthetic-data-gen\\logs\\experiments\\experiment_2_20251220_042000\\images\\ref_046_2.png', 'C:\\Users\\Victor\\Desktop\\University\\Master\\Semester 1\\Synthetic Data Generation for Skin Cancer Detection\\POC\\synthetic-data-gen\\logs\\experiments\\experiment_2_20251220_042000\\images\\ref_046_3.png', 'C:\\Users\\Victor\\Desktop\\University\\Master\\Semester 1\\Synthetic Data Generation for Skin Cancer Detection\\POC\\synthetic-data-gen\\logs\\experiments\\experiment_2_20251220_042000\\images\\ref_046_4.png']",0.6248621202124419,0.07135816372171448,0.011891414475628748,"{'total_time_seconds': 1144.6577191352844, 'seconds_per_image': 572.3288595676422, 'avg_power_watts': 59.64124, 'peak_power_watts': 64.09, 'total_energy_wh': 18.963557151333358, 'energy_per_image_wh': 9.481778575666679}"
"ultra photorealistic ISIC-style dermoscopic close-up photograph of a single basal cell carcinoma skin lesion on real human skin, taken with a contact polarized dermatoscope using immersion fluid, lesion occupying about one third of the frame on a light pink skin background, full lesion visible and slightly off-center, fine body hairs crossing the lesion and surrounding skin, subtle surface reflections from the dermatoscope contact plate, even soft clinical lighting with no harsh shadows, razor-sharp focus over the entire lesion, natural skin texture and pores clearly visible, realistic color range from light pink to dark brown and black, irregular pigment network and internal structures clearly defined, unedited hospital dermatology research image, no artistic style, no filters, clear skin, no hairs",sd3.5,stabilityai/stable-diffusion-3.5-large,bcc,bcc,nv then bcc,template_2,C:\Users\Victor\Desktop\University\Master\Semester 1\Synthetic Data Generation for Skin Cancer Detection\POC\synthetic-data-gen\logs\experiments\experiment_2_20251220_042000\images\image_047.png,"['C:\\Users\\Victor\\Desktop\\University\\Master\\Semester 1\\Synthetic Data Generation for Skin Cancer Detection\\POC\\synthetic-data-gen\\logs\\experiments\\experiment_2_20251220_042000\\images\\ref_047_0.png', 'C:\\Users\\Victor\\Desktop\\University\\Master\\Semester 1\\Synthetic Data Generation for Skin Cancer Detection\\POC\\synthetic-data-gen\\logs\\experiments\\experiment_2_20251220_042000\\images\\ref_047_1.png', 'C:\\Users\\Victor\\Desktop\\University\\Master\\Semester 1\\Synthetic Data Generation for Skin Cancer Detection\\POC\\synthetic-data-gen\\logs\\experiments\\experiment_2_20251220_042000\\images\\ref_047_2.png', 'C:\\Users\\Victor\\Desktop\\University\\Master\\Semester 1\\Synthetic Data Generation for Skin Cancer Detection\\POC\\synthetic-data-gen\\logs\\experiments\\experiment_2_20251220_042000\\images\\ref_047_3.png', 'C:\\Users\\Victor\\Desktop\\University\\Master\\Semester 1\\Synthetic Data Generation for Skin Cancer Detection\\POC\\synthetic-data-gen\\logs\\experiments\\experiment_2_20251220_042000\\images\\ref_047_4.png']",0.5658189340282156,0.0,0.028555496743660636,"{'total_time_seconds': 1144.6577191352844, 'seconds_per_image': 572.3288595676422, 'avg_power_watts': 59.64124, 'peak_power_watts': 64.09, 'total_energy_wh': 18.963557151333358, 'energy_per_image_wh': 9.481778575666679}"
"ultra photorealistic ISIC-style dermoscopic close-up photograph of a single melanocytic nevus skin lesion on real human skin, taken with a contact polarized dermatoscope using immersion fluid, lesion occupying about one third of the frame on a light pink skin background, full lesion visible and slightly off-center, fine body hairs crossing the lesion and surrounding skin, subtle surface reflections from the dermatoscope contact plate, even soft clinical lighting with no harsh shadows, razor-sharp focus over the entire lesion, natural skin texture and pores clearly visible, realistic color range from light pink to dark brown and black, irregular pigment network and internal structures clearly defined, unedited hospital dermatology research image, no artistic style, no filters, clear skin, no hairs",sd3.5,stabilityai/stable-diffusion-3.5-large,nv,nv,nv then akiec,template_2,C:\Users\Victor\Desktop\University\Master\Semester 1\Synthetic Data Generation for Skin Cancer Detection\POC\synthetic-data-gen\logs\experiments\experiment_2_20251220_042000\images\image_048.png,"['C:\\Users\\Victor\\Desktop\\University\\Master\\Semester 1\\Synthetic Data Generation for Skin Cancer Detection\\POC\\synthetic-data-gen\\logs\\experiments\\experiment_2_20251220_042000\\images\\ref_048_0.png', 'C:\\Users\\Victor\\Desktop\\University\\Master\\Semester 1\\Synthetic Data Generation for Skin Cancer Detection\\POC\\synthetic-data-gen\\logs\\experiments\\experiment_2_20251220_042000\\images\\ref_048_1.png', 'C:\\Users\\Victor\\Desktop\\University\\Master\\Semester 1\\Synthetic Data Generation for Skin Cancer Detection\\POC\\synthetic-data-gen\\logs\\experiments\\experiment_2_20251220_042000\\images\\ref_048_2.png', 'C:\\Users\\Victor\\Desktop\\University\\Master\\Semester 1\\Synthetic Data Generation for Skin Cancer Detection\\POC\\synthetic-data-gen\\logs\\experiments\\experiment_2_20251220_042000\\images\\ref_048_3.png', 'C:\\Users\\Victor\\Desktop\\University\\Master\\Semester 1\\Synthetic Data Generation for Skin Cancer Detection\\POC\\synthetic-data-gen\\logs\\experiments\\experiment_2_20251220_042000\\images\\ref_048_4.png']",0.4537834414634069,0.0359822966772326,0.017528580263729398,"{'total_time_seconds': 1026.3062279224396, 'seconds_per_image': 513.1531139612198, 'avg_power_watts': 60.16843026538679, 'peak_power_watts': 65.67, 'total_energy_wh': 17.15312075157874, 'energy_per_image_wh': 8.57656037578937}"
"ultra photorealistic ISIC-style dermoscopic close-up photograph of a single actinic keratosis skin lesion on real human skin, taken with a contact polarized dermatoscope using immersion fluid, lesion occupying about one third of the frame on a light pink skin background, full lesion visible and slightly off-center, fine body hairs crossing the lesion and surrounding skin, subtle surface reflections from the dermatoscope contact plate, even soft clinical lighting with no harsh shadows, razor-sharp focus over the entire lesion, natural skin texture and pores clearly visible, realistic color range from light pink to dark brown and black, irregular pigment network and internal structures clearly defined, unedited hospital dermatology research image, no artistic style, no filters, clear skin, no hairs",sd3.5,stabilityai/stable-diffusion-3.5-large,akiec,akiec,nv then akiec,template_2,C:\Users\Victor\Desktop\University\Master\Semester 1\Synthetic Data Generation for Skin Cancer Detection\POC\synthetic-data-gen\logs\experiments\experiment_2_20251220_042000\images\image_049.png,"['C:\\Users\\Victor\\Desktop\\University\\Master\\Semester 1\\Synthetic Data Generation for Skin Cancer Detection\\POC\\synthetic-data-gen\\logs\\experiments\\experiment_2_20251220_042000\\images\\ref_049_0.png', 'C:\\Users\\Victor\\Desktop\\University\\Master\\Semester 1\\Synthetic Data Generation for Skin Cancer Detection\\POC\\synthetic-data-gen\\logs\\experiments\\experiment_2_20251220_042000\\images\\ref_049_1.png', 'C:\\Users\\Victor\\Desktop\\University\\Master\\Semester 1\\Synthetic Data Generation for Skin Cancer Detection\\POC\\synthetic-data-gen\\logs\\experiments\\experiment_2_20251220_042000\\images\\ref_049_2.png', 'C:\\Users\\Victor\\Desktop\\University\\Master\\Semester 1\\Synthetic Data Generation for Skin Cancer Detection\\POC\\synthetic-data-gen\\logs\\experiments\\experiment_2_20251220_042000\\images\\ref_049_3.png', 'C:\\Users\\Victor\\Desktop\\University\\Master\\Semester 1\\Synthetic Data Generation for Skin Cancer Detection\\POC\\synthetic-data-gen\\logs\\experiments\\experiment_2_20251220_042000\\images\\ref_049_4.png']",0.49141360354023256,0.08532633896231855,0.038603715266489244,"{'total_time_seconds': 1026.3062279224396, 'seconds_per_image': 513.1531139612198, 'avg_power_watts': 60.16843026538679, 'peak_power_watts': 65.67, 'total_energy_wh': 17.15312075157874, 'energy_per_image_wh': 8.57656037578937}"
"ultra photorealistic ISIC-style dermoscopic close-up photograph of a single melanocytic nevus skin lesion on real human skin, taken with a contact polarized dermatoscope using immersion fluid, lesion occupying about one third of the frame on a light pink skin background, full lesion visible and slightly off-center, fine body hairs crossing the lesion and surrounding skin, subtle surface reflections from the dermatoscope contact plate, even soft clinical lighting with no harsh shadows, razor-sharp focus over the entire lesion, natural skin texture and pores clearly visible, realistic color range from light pink to dark brown and black, irregular pigment network and internal structures clearly defined, unedited hospital dermatology research image, no artistic style, no filters, clear skin, no hairs",sd3.5,stabilityai/stable-diffusion-3.5-large,nv,nv,nv then vasc,template_2,C:\Users\Victor\Desktop\University\Master\Semester 1\Synthetic Data Generation for Skin Cancer Detection\POC\synthetic-data-gen\logs\experiments\experiment_2_20251220_042000\images\image_050.png,"['C:\\Users\\Victor\\Desktop\\University\\Master\\Semester 1\\Synthetic Data Generation for Skin Cancer Detection\\POC\\synthetic-data-gen\\logs\\experiments\\experiment_2_20251220_042000\\images\\ref_050_0.png', 'C:\\Users\\Victor\\Desktop\\University\\Master\\Semester 1\\Synthetic Data Generation for Skin Cancer Detection\\POC\\synthetic-data-gen\\logs\\experiments\\experiment_2_20251220_042000\\images\\ref_050_1.png', 'C:\\Users\\Victor\\Desktop\\University\\Master\\Semester 1\\Synthetic Data Generation for Skin Cancer Detection\\POC\\synthetic-data-gen\\logs\\experiments\\experiment_2_20251220_042000\\images\\ref_050_2.png', 'C:\\Users\\Victor\\Desktop\\University\\Master\\Semester 1\\Synthetic Data Generation for Skin Cancer Detection\\POC\\synthetic-data-gen\\logs\\experiments\\experiment_2_20251220_042000\\images\\ref_050_3.png', 'C:\\Users\\Victor\\Desktop\\University\\Master\\Semester 1\\Synthetic Data Generation for Skin Cancer Detection\\POC\\synthetic-data-gen\\logs\\experiments\\experiment_2_20251220_042000\\images\\ref_050_4.png']",0.5985036187204498,0.020581191697980294,0.02007141422868534,"{'total_time_seconds': 1115.896770477295, 'seconds_per_image': 557.9483852386475, 'avg_power_watts': 60.11023100616016, 'peak_power_watts': 66.53, 'total_energy_wh': 18.632447959005077, 'energy_per_image_wh': 9.316223979502539}"
"ultra photorealistic ISIC-style dermoscopic close-up photograph of a single vascular lesion skin lesion on real human skin, taken with a contact polarized dermatoscope using immersion fluid, lesion occupying about one third of the frame on a light pink skin background, full lesion visible and slightly off-center, fine body hairs crossing the lesion and surrounding skin, subtle surface reflections from the dermatoscope contact plate, even soft clinical lighting with no harsh shadows, razor-sharp focus over the entire lesion, natural skin texture and pores clearly visible, realistic color range from light pink to dark brown and black, irregular pigment network and internal structures clearly defined, unedited hospital dermatology research image, no artistic style, no filters, clear skin, no hairs",sd3.5,stabilityai/stable-diffusion-3.5-large,vasc,vasc,nv then vasc,template_2,C:\Users\Victor\Desktop\University\Master\Semester 1\Synthetic Data Generation for Skin Cancer Detection\POC\synthetic-data-gen\logs\experiments\experiment_2_20251220_042000\images\image_051.png,"['C:\\Users\\Victor\\Desktop\\University\\Master\\Semester 1\\Synthetic Data Generation for Skin Cancer Detection\\POC\\synthetic-data-gen\\logs\\experiments\\experiment_2_20251220_042000\\images\\ref_051_0.png', 'C:\\Users\\Victor\\Desktop\\University\\Master\\Semester 1\\Synthetic Data Generation for Skin Cancer Detection\\POC\\synthetic-data-gen\\logs\\experiments\\experiment_2_20251220_042000\\images\\ref_051_1.png', 'C:\\Users\\Victor\\Desktop\\University\\Master\\Semester 1\\Synthetic Data Generation for Skin Cancer Detection\\POC\\synthetic-data-gen\\logs\\experiments\\experiment_2_20251220_042000\\images\\ref_051_2.png', 'C:\\Users\\Victor\\Desktop\\University\\Master\\Semester 1\\Synthetic Data Generation for Skin Cancer Detection\\POC\\synthetic-data-gen\\logs\\experiments\\experiment_2_20251220_042000\\images\\ref_051_3.png', 'C:\\Users\\Victor\\Desktop\\University\\Master\\Semester 1\\Synthetic Data Generation for Skin Cancer Detection\\POC\\synthetic-data-gen\\logs\\experiments\\experiment_2_20251220_042000\\images\\ref_051_4.png']",0.7589508021206134,0.18669545311112443,0.011932287278206758,"{'total_time_seconds': 1115.896770477295, 'seconds_per_image': 557.9483852386475, 'avg_power_watts': 60.11023100616016, 'peak_power_watts': 66.53, 'total_energy_wh': 18.632447959005077, 'energy_per_image_wh': 9.316223979502539}"
"ultra photorealistic ISIC-style dermoscopic close-up photograph of a single melanocytic nevus skin lesion on real human skin, taken with a contact polarized dermatoscope using immersion fluid, lesion occupying about one third of the frame on a light pink skin background, full lesion visible and slightly off-center, fine body hairs crossing the lesion and surrounding skin, subtle surface reflections from the dermatoscope contact plate, even soft clinical lighting with no harsh shadows, razor-sharp focus over the entire lesion, natural skin texture and pores clearly visible, realistic color range from light pink to dark brown and black, irregular pigment network and internal structures clearly defined, unedited hospital dermatology research image, no artistic style, no filters, clear skin, no hairs",sd3.5,stabilityai/stable-diffusion-3.5-large,nv,nv,nv then df,template_2,C:\Users\Victor\Desktop\University\Master\Semester 1\Synthetic Data Generation for Skin Cancer Detection\POC\synthetic-data-gen\logs\experiments\experiment_2_20251220_042000\images\image_052.png,"['C:\\Users\\Victor\\Desktop\\University\\Master\\Semester 1\\Synthetic Data Generation for Skin Cancer Detection\\POC\\synthetic-data-gen\\logs\\experiments\\experiment_2_20251220_042000\\images\\ref_052_0.png', 'C:\\Users\\Victor\\Desktop\\University\\Master\\Semester 1\\Synthetic Data Generation for Skin Cancer Detection\\POC\\synthetic-data-gen\\logs\\experiments\\experiment_2_20251220_042000\\images\\ref_052_1.png', 'C:\\Users\\Victor\\Desktop\\University\\Master\\Semester 1\\Synthetic Data Generation for Skin Cancer Detection\\POC\\synthetic-data-gen\\logs\\experiments\\experiment_2_20251220_042000\\images\\ref_052_2.png', 'C:\\Users\\Victor\\Desktop\\University\\Master\\Semester 1\\Synthetic Data Generation for Skin Cancer Detection\\POC\\synthetic-data-gen\\logs\\experiments\\experiment_2_20251220_042000\\images\\ref_052_3.png', 'C:\\Users\\Victor\\Desktop\\University\\Master\\Semester 1\\Synthetic Data Generation for Skin Cancer Detection\\POC\\synthetic-data-gen\\logs\\experiments\\experiment_2_20251220_042000\\images\\ref_052_4.png']",0.5051572949230817,0.027332486705377256,0.04224686228218487,"{'total_time_seconds': 1143.4142363071442, 'seconds_per_image': 571.7071181535721, 'avg_power_watts': 60.24200606366852, 'peak_power_watts': 66.89, 'total_energy_wh': 19.13376871024997, 'energy_per_image_wh': 9.566884355124985}"
"ultra photorealistic ISIC-style dermoscopic close-up photograph of a single dermatofibroma skin lesion on real human skin, taken with a contact polarized dermatoscope using immersion fluid, lesion occupying about one third of the frame on a light pink skin background, full lesion visible and slightly off-center, fine body hairs crossing the lesion and surrounding skin, subtle surface reflections from the dermatoscope contact plate, even soft clinical lighting with no harsh shadows, razor-sharp focus over the entire lesion, natural skin texture and pores clearly visible, realistic color range from light pink to dark brown and black, irregular pigment network and internal structures clearly defined, unedited hospital dermatology research image, no artistic style, no filters, clear skin, no hairs",sd3.5,stabilityai/stable-diffusion-3.5-large,df,df,nv then df,template_2,C:\Users\Victor\Desktop\University\Master\Semester 1\Synthetic Data Generation for Skin Cancer Detection\POC\synthetic-data-gen\logs\experiments\experiment_2_20251220_042000\images\image_053.png,"['C:\\Users\\Victor\\Desktop\\University\\Master\\Semester 1\\Synthetic Data Generation for Skin Cancer Detection\\POC\\synthetic-data-gen\\logs\\experiments\\experiment_2_20251220_042000\\images\\ref_053_0.png', 'C:\\Users\\Victor\\Desktop\\University\\Master\\Semester 1\\Synthetic Data Generation for Skin Cancer Detection\\POC\\synthetic-data-gen\\logs\\experiments\\experiment_2_20251220_042000\\images\\ref_053_1.png', 'C:\\Users\\Victor\\Desktop\\University\\Master\\Semester 1\\Synthetic Data Generation for Skin Cancer Detection\\POC\\synthetic-data-gen\\logs\\experiments\\experiment_2_20251220_042000\\images\\ref_053_2.png', 'C:\\Users\\Victor\\Desktop\\University\\Master\\Semester 1\\Synthetic Data Generation for Skin Cancer Detection\\POC\\synthetic-data-gen\\logs\\experiments\\experiment_2_20251220_042000\\images\\ref_053_3.png', 'C:\\Users\\Victor\\Desktop\\University\\Master\\Semester 1\\Synthetic Data Generation for Skin Cancer Detection\\POC\\synthetic-data-gen\\logs\\experiments\\experiment_2_20251220_042000\\images\\ref_053_4.png']",0.5853615913299285,0.03466819869011139,0.04282909338914552,"{'total_time_seconds': 1143.4142363071442, 'seconds_per_image': 571.7071181535721, 'avg_power_watts': 60.24200606366852, 'peak_power_watts': 66.89, 'total_energy_wh': 19.13376871024997, 'energy_per_image_wh': 9.566884355124985}"
"ultra photorealistic ISIC-style dermoscopic close-up photograph of a single melanoma skin lesion on real human skin, taken with a contact polarized dermatoscope using immersion fluid, lesion occupying about one third of the frame on a light pink skin background, full lesion visible and slightly off-center, fine body hairs crossing the lesion and surrounding skin, subtle surface reflections from the dermatoscope contact plate, even soft clinical lighting with no harsh shadows, razor-sharp focus over the entire lesion, natural skin texture and pores clearly visible, realistic color range from light pink to dark brown and black, irregular pigment network and internal structures clearly defined, unedited hospital dermatology research image, no artistic style, no filters, clear skin, no hairs",sd3.5,stabilityai/stable-diffusion-3.5-large,mel,mel,mel then bkl,template_2,C:\Users\Victor\Desktop\University\Master\Semester 1\Synthetic Data Generation for Skin Cancer Detection\POC\synthetic-data-gen\logs\experiments\experiment_2_20251220_042000\images\image_054.png,"['C:\\Users\\Victor\\Desktop\\University\\Master\\Semester 1\\Synthetic Data Generation for Skin Cancer Detection\\POC\\synthetic-data-gen\\logs\\experiments\\experiment_2_20251220_042000\\images\\ref_054_0.png', 'C:\\Users\\Victor\\Desktop\\University\\Master\\Semester 1\\Synthetic Data Generation for Skin Cancer Detection\\POC\\synthetic-data-gen\\logs\\experiments\\experiment_2_20251220_042000\\images\\ref_054_1.png', 'C:\\Users\\Victor\\Desktop\\University\\Master\\Semester 1\\Synthetic Data Generation for Skin Cancer Detection\\POC\\synthetic-data-gen\\logs\\experiments\\experiment_2_20251220_042000\\images\\ref_054_2.png', 'C:\\Users\\Victor\\Desktop\\University\\Master\\Semester 1\\Synthetic Data Generation for Skin Cancer Detection\\POC\\synthetic-data-gen\\logs\\experiments\\experiment_2_20251220_042000\\images\\ref_054_3.png', 'C:\\Users\\Victor\\Desktop\\University\\Master\\Semester 1\\Synthetic Data Generation for Skin Cancer Detection\\POC\\synthetic-data-gen\\logs\\experiments\\experiment_2_20251220_042000\\images\\ref_054_4.png']",0.4199137174939162,0.0,0.0942079981779058,"{'total_time_seconds': 1015.790643453598, 'seconds_per_image': 507.895321726799, 'avg_power_watts': 60.62201934015927, 'peak_power_watts': 62.93, 'total_energy_wh': 17.105355564721346, 'energy_per_image_wh': 8.552677782360673}"
"ultra photorealistic ISIC-style dermoscopic close-up photograph of a single benign keratosis skin lesion on real human skin, taken with a contact polarized dermatoscope using immersion fluid, lesion occupying about one third of the frame on a light pink skin background, full lesion visible and slightly off-center, fine body hairs crossing the lesion and surrounding skin, subtle surface reflections from the dermatoscope contact plate, even soft clinical lighting with no harsh shadows, razor-sharp focus over the entire lesion, natural skin texture and pores clearly visible, realistic color range from light pink to dark brown and black, irregular pigment network and internal structures clearly defined, unedited hospital dermatology research image, no artistic style, no filters, clear skin, no hairs",sd3.5,stabilityai/stable-diffusion-3.5-large,bkl,bkl,mel then bkl,template_2,C:\Users\Victor\Desktop\University\Master\Semester 1\Synthetic Data Generation for Skin Cancer Detection\POC\synthetic-data-gen\logs\experiments\experiment_2_20251220_042000\images\image_055.png,"['C:\\Users\\Victor\\Desktop\\University\\Master\\Semester 1\\Synthetic Data Generation for Skin Cancer Detection\\POC\\synthetic-data-gen\\logs\\experiments\\experiment_2_20251220_042000\\images\\ref_055_0.png', 'C:\\Users\\Victor\\Desktop\\University\\Master\\Semester 1\\Synthetic Data Generation for Skin Cancer Detection\\POC\\synthetic-data-gen\\logs\\experiments\\experiment_2_20251220_042000\\images\\ref_055_1.png', 'C:\\Users\\Victor\\Desktop\\University\\Master\\Semester 1\\Synthetic Data Generation for Skin Cancer Detection\\POC\\synthetic-data-gen\\logs\\experiments\\experiment_2_20251220_042000\\images\\ref_055_2.png', 'C:\\Users\\Victor\\Desktop\\University\\Master\\Semester 1\\Synthetic Data Generation for Skin Cancer Detection\\POC\\synthetic-data-gen\\logs\\experiments\\experiment_2_20251220_042000\\images\\ref_055_3.png', 'C:\\Users\\Victor\\Desktop\\University\\Master\\Semester 1\\Synthetic Data Generation for Skin Cancer Detection\\POC\\synthetic-data-gen\\logs\\experiments\\experiment_2_20251220_042000\\images\\ref_055_4.png']",0.503420984209018,0.004958135388746064,0.07915478134127671,"{'total_time_seconds': 1015.790643453598, 'seconds_per_image': 507.895321726799, 'avg_power_watts': 60.62201934015927, 'peak_power_watts': 62.93, 'total_energy_wh': 17.105355564721346, 'energy_per_image_wh': 8.552677782360673}"
"ultra photorealistic ISIC-style dermoscopic close-up photograph of a single melanoma skin lesion on real human skin, taken with a contact polarized dermatoscope using immersion fluid, lesion occupying about one third of the frame on a light pink skin background, full lesion visible and slightly off-center, fine body hairs crossing the lesion and surrounding skin, subtle surface reflections from the dermatoscope contact plate, even soft clinical lighting with no harsh shadows, razor-sharp focus over the entire lesion, natural skin texture and pores clearly visible, realistic color range from light pink to dark brown and black, irregular pigment network and internal structures clearly defined, unedited hospital dermatology research image, no artistic style, no filters, clear skin, no hairs",sd3.5,stabilityai/stable-diffusion-3.5-large,mel,mel,mel then bcc,template_2,C:\Users\Victor\Desktop\University\Master\Semester 1\Synthetic Data Generation for Skin Cancer Detection\POC\synthetic-data-gen\logs\experiments\experiment_2_20251220_042000\images\image_056.png,"['C:\\Users\\Victor\\Desktop\\University\\Master\\Semester 1\\Synthetic Data Generation for Skin Cancer Detection\\POC\\synthetic-data-gen\\logs\\experiments\\experiment_2_20251220_042000\\images\\ref_056_0.png', 'C:\\Users\\Victor\\Desktop\\University\\Master\\Semester 1\\Synthetic Data Generation for Skin Cancer Detection\\POC\\synthetic-data-gen\\logs\\experiments\\experiment_2_20251220_042000\\images\\ref_056_1.png', 'C:\\Users\\Victor\\Desktop\\University\\Master\\Semester 1\\Synthetic Data Generation for Skin Cancer Detection\\POC\\synthetic-data-gen\\logs\\experiments\\experiment_2_20251220_042000\\images\\ref_056_2.png', 'C:\\Users\\Victor\\Desktop\\University\\Master\\Semester 1\\Synthetic Data Generation for Skin Cancer Detection\\POC\\synthetic-data-gen\\logs\\experiments\\experiment_2_20251220_042000\\images\\ref_056_3.png', 'C:\\Users\\Victor\\Desktop\\University\\Master\\Semester 1\\Synthetic Data Generation for Skin Cancer Detection\\POC\\synthetic-data-gen\\logs\\experiments\\experiment_2_20251220_042000\\images\\ref_056_4.png']",0.41628862688515833,0.030939584017771183,0.02782195778884451,"{'total_time_seconds': 1091.3822178840637, 'seconds_per_image': 545.6911089420319, 'avg_power_watts': 60.28350445259298, 'peak_power_watts': 66.26, 'total_energy_wh': 18.27565133091521, 'energy_per_image_wh': 9.137825665457605}"
"ultra photorealistic ISIC-style dermoscopic close-up photograph of a single basal cell carcinoma skin lesion on real human skin, taken with a contact polarized dermatoscope using immersion fluid, lesion occupying about one third of the frame on a light pink skin background, full lesion visible and slightly off-center, fine body hairs crossing the lesion and surrounding skin, subtle surface reflections from the dermatoscope contact plate, even soft clinical lighting with no harsh shadows, razor-sharp focus over the entire lesion, natural skin texture and pores clearly visible, realistic color range from light pink to dark brown and black, irregular pigment network and internal structures clearly defined, unedited hospital dermatology research image, no artistic style, no filters, clear skin, no hairs",sd3.5,stabilityai/stable-diffusion-3.5-large,bcc,bcc,mel then bcc,template_2,C:\Users\Victor\Desktop\University\Master\Semester 1\Synthetic Data Generation for Skin Cancer Detection\POC\synthetic-data-gen\logs\experiments\experiment_2_20251220_042000\images\image_057.png,"['C:\\Users\\Victor\\Desktop\\University\\Master\\Semester 1\\Synthetic Data Generation for Skin Cancer Detection\\POC\\synthetic-data-gen\\logs\\experiments\\experiment_2_20251220_042000\\images\\ref_057_0.png', 'C:\\Users\\Victor\\Desktop\\University\\Master\\Semester 1\\Synthetic Data Generation for Skin Cancer Detection\\POC\\synthetic-data-gen\\logs\\experiments\\experiment_2_20251220_042000\\images\\ref_057_1.png', 'C:\\Users\\Victor\\Desktop\\University\\Master\\Semester 1\\Synthetic Data Generation for Skin Cancer Detection\\POC\\synthetic-data-gen\\logs\\experiments\\experiment_2_20251220_042000\\images\\ref_057_2.png', 'C:\\Users\\Victor\\Desktop\\University\\Master\\Semester 1\\Synthetic Data Generation for Skin Cancer Detection\\POC\\synthetic-data-gen\\logs\\experiments\\experiment_2_20251220_042000\\images\\ref_057_3.png', 'C:\\Users\\Victor\\Desktop\\University\\Master\\Semester 1\\Synthetic Data Generation for Skin Cancer Detection\\POC\\synthetic-data-gen\\logs\\experiments\\experiment_2_20251220_042000\\images\\ref_057_4.png']",0.2834673246351035,0.012018785396606188,0.022515306157956227,"{'total_time_seconds': 1091.3822178840637, 'seconds_per_image': 545.6911089420319, 'avg_power_watts': 60.28350445259298, 'peak_power_watts': 66.26, 'total_energy_wh': 18.27565133091521, 'energy_per_image_wh': 9.137825665457605}"
"ultra photorealistic ISIC-style dermoscopic close-up photograph of a single melanoma skin lesion on real human skin, taken with a contact polarized dermatoscope using immersion fluid, lesion occupying about one third of the frame on a light pink skin background, full lesion visible and slightly off-center, fine body hairs crossing the lesion and surrounding skin, subtle surface reflections from the dermatoscope contact plate, even soft clinical lighting with no harsh shadows, razor-sharp focus over the entire lesion, natural skin texture and pores clearly visible, realistic color range from light pink to dark brown and black, irregular pigment network and internal structures clearly defined, unedited hospital dermatology research image, no artistic style, no filters, clear skin, no hairs",sd3.5,stabilityai/stable-diffusion-3.5-large,mel,mel,mel then akiec,template_2,C:\Users\Victor\Desktop\University\Master\Semester 1\Synthetic Data Generation for Skin Cancer Detection\POC\synthetic-data-gen\logs\experiments\experiment_2_20251220_042000\images\image_058.png,"['C:\\Users\\Victor\\Desktop\\University\\Master\\Semester 1\\Synthetic Data Generation for Skin Cancer Detection\\POC\\synthetic-data-gen\\logs\\experiments\\experiment_2_20251220_042000\\images\\ref_058_0.png', 'C:\\Users\\Victor\\Desktop\\University\\Master\\Semester 1\\Synthetic Data Generation for Skin Cancer Detection\\POC\\synthetic-data-gen\\logs\\experiments\\experiment_2_20251220_042000\\images\\ref_058_1.png', 'C:\\Users\\Victor\\Desktop\\University\\Master\\Semester 1\\Synthetic Data Generation for Skin Cancer Detection\\POC\\synthetic-data-gen\\logs\\experiments\\experiment_2_20251220_042000\\images\\ref_058_2.png', 'C:\\Users\\Victor\\Desktop\\University\\Master\\Semester 1\\Synthetic Data Generation for Skin Cancer Detection\\POC\\synthetic-data-gen\\logs\\experiments\\experiment_2_20251220_042000\\images\\ref_058_3.png', 'C:\\Users\\Victor\\Desktop\\University\\Master\\Semester 1\\Synthetic Data Generation for Skin Cancer Detection\\POC\\synthetic-data-gen\\logs\\experiments\\experiment_2_20251220_042000\\images\\ref_058_4.png']",0.5320172043032404,0.0,0.011035820688466334,"{'total_time_seconds': 1138.3454349040985, 'seconds_per_image': 569.1727174520493, 'avg_power_watts': 60.359823855057876, 'peak_power_watts': 67.14, 'total_energy_wh': 19.08620276028351, 'energy_per_image_wh': 9.543101380141755}"
"ultra photorealistic ISIC-style dermoscopic close-up photograph of a single actinic keratosis skin lesion on real human skin, taken with a contact polarized dermatoscope using immersion fluid, lesion occupying about one third of the frame on a light pink skin background, full lesion visible and slightly off-center, fine body hairs crossing the lesion and surrounding skin, subtle surface reflections from the dermatoscope contact plate, even soft clinical lighting with no harsh shadows, razor-sharp focus over the entire lesion, natural skin texture and pores clearly visible, realistic color range from light pink to dark brown and black, irregular pigment network and internal structures clearly defined, unedited hospital dermatology research image, no artistic style, no filters, clear skin, no hairs",sd3.5,stabilityai/stable-diffusion-3.5-large,akiec,akiec,mel then akiec,template_2,C:\Users\Victor\Desktop\University\Master\Semester 1\Synthetic Data Generation for Skin Cancer Detection\POC\synthetic-data-gen\logs\experiments\experiment_2_20251220_042000\images\image_059.png,"['C:\\Users\\Victor\\Desktop\\University\\Master\\Semester 1\\Synthetic Data Generation for Skin Cancer Detection\\POC\\synthetic-data-gen\\logs\\experiments\\experiment_2_20251220_042000\\images\\ref_059_0.png', 'C:\\Users\\Victor\\Desktop\\University\\Master\\Semester 1\\Synthetic Data Generation for Skin Cancer Detection\\POC\\synthetic-data-gen\\logs\\experiments\\experiment_2_20251220_042000\\images\\ref_059_1.png', 'C:\\Users\\Victor\\Desktop\\University\\Master\\Semester 1\\Synthetic Data Generation for Skin Cancer Detection\\POC\\synthetic-data-gen\\logs\\experiments\\experiment_2_20251220_042000\\images\\ref_059_2.png', 'C:\\Users\\Victor\\Desktop\\University\\Master\\Semester 1\\Synthetic Data Generation for Skin Cancer Detection\\POC\\synthetic-data-gen\\logs\\experiments\\experiment_2_20251220_042000\\images\\ref_059_3.png', 'C:\\Users\\Victor\\Desktop\\University\\Master\\Semester 1\\Synthetic Data Generation for Skin Cancer Detection\\POC\\synthetic-data-gen\\logs\\experiments\\experiment_2_20251220_042000\\images\\ref_059_4.png']",0.4444860400294789,0.46806305068936976,0.02820692278222507,"{'total_time_seconds': 1138.3454349040985, 'seconds_per_image': 569.1727174520493, 'avg_power_watts': 60.359823855057876, 'peak_power_watts': 67.14, 'total_energy_wh': 19.08620276028351, 'energy_per_image_wh': 9.543101380141755}"
"ultra photorealistic ISIC-style dermoscopic close-up photograph of a single melanoma skin lesion on real human skin, taken with a contact polarized dermatoscope using immersion fluid, lesion occupying about one third of the frame on a light pink skin background, full lesion visible and slightly off-center, fine body hairs crossing the lesion and surrounding skin, subtle surface reflections from the dermatoscope contact plate, even soft clinical lighting with no harsh shadows, razor-sharp focus over the entire lesion, natural skin texture and pores clearly visible, realistic color range from light pink to dark brown and black, irregular pigment network and internal structures clearly defined, unedited hospital dermatology research image, no artistic style, no filters, clear skin, no hairs",sd3.5,stabilityai/stable-diffusion-3.5-large,mel,mel,mel then vasc,template_2,C:\Users\Victor\Desktop\University\Master\Semester 1\Synthetic Data Generation for Skin Cancer Detection\POC\synthetic-data-gen\logs\experiments\experiment_2_20251220_042000\images\image_060.png,"['C:\\Users\\Victor\\Desktop\\University\\Master\\Semester 1\\Synthetic Data Generation for Skin Cancer Detection\\POC\\synthetic-data-gen\\logs\\experiments\\experiment_2_20251220_042000\\images\\ref_060_0.png', 'C:\\Users\\Victor\\Desktop\\University\\Master\\Semester 1\\Synthetic Data Generation for Skin Cancer Detection\\POC\\synthetic-data-gen\\logs\\experiments\\experiment_2_20251220_042000\\images\\ref_060_1.png', 'C:\\Users\\Victor\\Desktop\\University\\Master\\Semester 1\\Synthetic Data Generation for Skin Cancer Detection\\POC\\synthetic-data-gen\\logs\\experiments\\experiment_2_20251220_042000\\images\\ref_060_2.png', 'C:\\Users\\Victor\\Desktop\\University\\Master\\Semester 1\\Synthetic Data Generation for Skin Cancer Detection\\POC\\synthetic-data-gen\\logs\\experiments\\experiment_2_20251220_042000\\images\\ref_060_3.png', 'C:\\Users\\Victor\\Desktop\\University\\Master\\Semester 1\\Synthetic Data Generation for Skin Cancer Detection\\POC\\synthetic-data-gen\\logs\\experiments\\experiment_2_20251220_042000\\images\\ref_060_4.png']",0.5153077098312002,0.0,0.06277437169542766,"{'total_time_seconds': 1114.7791538238525, 'seconds_per_image': 557.3895769119263, 'avg_power_watts': 61.40932889344263, 'peak_power_watts': 64.18, 'total_energy_wh': 19.016066583534062, 'energy_per_image_wh': 9.508033291767031}"
"ultra photorealistic ISIC-style dermoscopic close-up photograph of a single vascular lesion skin lesion on real human skin, taken with a contact polarized dermatoscope using immersion fluid, lesion occupying about one third of the frame on a light pink skin background, full lesion visible and slightly off-center, fine body hairs crossing the lesion and surrounding skin, subtle surface reflections from the dermatoscope contact plate, even soft clinical lighting with no harsh shadows, razor-sharp focus over the entire lesion, natural skin texture and pores clearly visible, realistic color range from light pink to dark brown and black, irregular pigment network and internal structures clearly defined, unedited hospital dermatology research image, no artistic style, no filters, clear skin, no hairs",sd3.5,stabilityai/stable-diffusion-3.5-large,vasc,vasc,mel then vasc,template_2,C:\Users\Victor\Desktop\University\Master\Semester 1\Synthetic Data Generation for Skin Cancer Detection\POC\synthetic-data-gen\logs\experiments\experiment_2_20251220_042000\images\image_061.png,"['C:\\Users\\Victor\\Desktop\\University\\Master\\Semester 1\\Synthetic Data Generation for Skin Cancer Detection\\POC\\synthetic-data-gen\\logs\\experiments\\experiment_2_20251220_042000\\images\\ref_061_0.png', 'C:\\Users\\Victor\\Desktop\\University\\Master\\Semester 1\\Synthetic Data Generation for Skin Cancer Detection\\POC\\synthetic-data-gen\\logs\\experiments\\experiment_2_20251220_042000\\images\\ref_061_1.png', 'C:\\Users\\Victor\\Desktop\\University\\Master\\Semester 1\\Synthetic Data Generation for Skin Cancer Detection\\POC\\synthetic-data-gen\\logs\\experiments\\experiment_2_20251220_042000\\images\\ref_061_2.png', 'C:\\Users\\Victor\\Desktop\\University\\Master\\Semester 1\\Synthetic Data Generation for Skin Cancer Detection\\POC\\synthetic-data-gen\\logs\\experiments\\experiment_2_20251220_042000\\images\\ref_061_3.png', 'C:\\Users\\Victor\\Desktop\\University\\Master\\Semester 1\\Synthetic Data Generation for Skin Cancer Detection\\POC\\synthetic-data-gen\\logs\\experiments\\experiment_2_20251220_042000\\images\\ref_061_4.png']",0.6179434843515822,0.03917879576858067,0.021826221619127825,"{'total_time_seconds': 1114.7791538238525, 'seconds_per_image': 557.3895769119263, 'avg_power_watts': 61.40932889344263, 'peak_power_watts': 64.18, 'total_energy_wh': 19.016066583534062, 'energy_per_image_wh': 9.508033291767031}"
"ultra photorealistic ISIC-style dermoscopic close-up photograph of a single melanoma skin lesion on real human skin, taken with a contact polarized dermatoscope using immersion fluid, lesion occupying about one third of the frame on a light pink skin background, full lesion visible and slightly off-center, fine body hairs crossing the lesion and surrounding skin, subtle surface reflections from the dermatoscope contact plate, even soft clinical lighting with no harsh shadows, razor-sharp focus over the entire lesion, natural skin texture and pores clearly visible, realistic color range from light pink to dark brown and black, irregular pigment network and internal structures clearly defined, unedited hospital dermatology research image, no artistic style, no filters, clear skin, no hairs",sd3.5,stabilityai/stable-diffusion-3.5-large,mel,mel,mel then df,template_2,C:\Users\Victor\Desktop\University\Master\Semester 1\Synthetic Data Generation for Skin Cancer Detection\POC\synthetic-data-gen\logs\experiments\experiment_2_20251220_042000\images\image_062.png,"['C:\\Users\\Victor\\Desktop\\University\\Master\\Semester 1\\Synthetic Data Generation for Skin Cancer Detection\\POC\\synthetic-data-gen\\logs\\experiments\\experiment_2_20251220_042000\\images\\ref_062_0.png', 'C:\\Users\\Victor\\Desktop\\University\\Master\\Semester 1\\Synthetic Data Generation for Skin Cancer Detection\\POC\\synthetic-data-gen\\logs\\experiments\\experiment_2_20251220_042000\\images\\ref_062_1.png', 'C:\\Users\\Victor\\Desktop\\University\\Master\\Semester 1\\Synthetic Data Generation for Skin Cancer Detection\\POC\\synthetic-data-gen\\logs\\experiments\\experiment_2_20251220_042000\\images\\ref_062_2.png', 'C:\\Users\\Victor\\Desktop\\University\\Master\\Semester 1\\Synthetic Data Generation for Skin Cancer Detection\\POC\\synthetic-data-gen\\logs\\experiments\\experiment_2_20251220_042000\\images\\ref_062_3.png', 'C:\\Users\\Victor\\Desktop\\University\\Master\\Semester 1\\Synthetic Data Generation for Skin Cancer Detection\\POC\\synthetic-data-gen\\logs\\experiments\\experiment_2_20251220_042000\\images\\ref_062_4.png']",0.45484298691700287,0.002763163250643485,0.017757860656095536,"{'total_time_seconds': 1103.5487728118896, 'seconds_per_image': 551.7743864059448, 'avg_power_watts': 60.87783489096574, 'peak_power_watts': 67.33, 'total_energy_wh': 18.661572218158355, 'energy_per_image_wh': 9.330786109079177}"
"ultra photorealistic ISIC-style dermoscopic close-up photograph of a single dermatofibroma skin lesion on real human skin, taken with a contact polarized dermatoscope using immersion fluid, lesion occupying about one third of the frame on a light pink skin background, full lesion visible and slightly off-center, fine body hairs crossing the lesion and surrounding skin, subtle surface reflections from the dermatoscope contact plate, even soft clinical lighting with no harsh shadows, razor-sharp focus over the entire lesion, natural skin texture and pores clearly visible, realistic color range from light pink to dark brown and black, irregular pigment network and internal structures clearly defined, unedited hospital dermatology research image, no artistic style, no filters, clear skin, no hairs",sd3.5,stabilityai/stable-diffusion-3.5-large,df,df,mel then df,template_2,C:\Users\Victor\Desktop\University\Master\Semester 1\Synthetic Data Generation for Skin Cancer Detection\POC\synthetic-data-gen\logs\experiments\experiment_2_20251220_042000\images\image_063.png,"['C:\\Users\\Victor\\Desktop\\University\\Master\\Semester 1\\Synthetic Data Generation for Skin Cancer Detection\\POC\\synthetic-data-gen\\logs\\experiments\\experiment_2_20251220_042000\\images\\ref_063_0.png', 'C:\\Users\\Victor\\Desktop\\University\\Master\\Semester 1\\Synthetic Data Generation for Skin Cancer Detection\\POC\\synthetic-data-gen\\logs\\experiments\\experiment_2_20251220_042000\\images\\ref_063_1.png', 'C:\\Users\\Victor\\Desktop\\University\\Master\\Semester 1\\Synthetic Data Generation for Skin Cancer Detection\\POC\\synthetic-data-gen\\logs\\experiments\\experiment_2_20251220_042000\\images\\ref_063_2.png', 'C:\\Users\\Victor\\Desktop\\University\\Master\\Semester 1\\Synthetic Data Generation for Skin Cancer Detection\\POC\\synthetic-data-gen\\logs\\experiments\\experiment_2_20251220_042000\\images\\ref_063_3.png', 'C:\\Users\\Victor\\Desktop\\University\\Master\\Semester 1\\Synthetic Data Generation for Skin Cancer Detection\\POC\\synthetic-data-gen\\logs\\experiments\\experiment_2_20251220_042000\\images\\ref_063_4.png']",0.5813140704784769,0.022743239739505212,0.032825935626549826,"{'total_time_seconds': 1103.5487728118896, 'seconds_per_image': 551.7743864059448, 'avg_power_watts': 60.87783489096574, 'peak_power_watts': 67.33, 'total_energy_wh': 18.661572218158355, 'energy_per_image_wh': 9.330786109079177}"
"ultra photorealistic ISIC-style dermoscopic close-up photograph of a single benign keratosis skin lesion on real human skin, taken with a contact polarized dermatoscope using immersion fluid, lesion occupying about one third of the frame on a light pink skin background, full lesion visible and slightly off-center, fine body hairs crossing the lesion and surrounding skin, subtle surface reflections from the dermatoscope contact plate, even soft clinical lighting with no harsh shadows, razor-sharp focus over the entire lesion, natural skin texture and pores clearly visible, realistic color range from light pink to dark brown and black, irregular pigment network and internal structures clearly defined, unedited hospital dermatology research image, no artistic style, no filters, clear skin, no hairs",sd3.5,stabilityai/stable-diffusion-3.5-large,bkl,bkl,bkl then bcc,template_2,C:\Users\Victor\Desktop\University\Master\Semester 1\Synthetic Data Generation for Skin Cancer Detection\POC\synthetic-data-gen\logs\experiments\experiment_2_20251220_042000\images\image_064.png,"['C:\\Users\\Victor\\Desktop\\University\\Master\\Semester 1\\Synthetic Data Generation for Skin Cancer Detection\\POC\\synthetic-data-gen\\logs\\experiments\\experiment_2_20251220_042000\\images\\ref_064_0.png', 'C:\\Users\\Victor\\Desktop\\University\\Master\\Semester 1\\Synthetic Data Generation for Skin Cancer Detection\\POC\\synthetic-data-gen\\logs\\experiments\\experiment_2_20251220_042000\\images\\ref_064_1.png', 'C:\\Users\\Victor\\Desktop\\University\\Master\\Semester 1\\Synthetic Data Generation for Skin Cancer Detection\\POC\\synthetic-data-gen\\logs\\experiments\\experiment_2_20251220_042000\\images\\ref_064_2.png', 'C:\\Users\\Victor\\Desktop\\University\\Master\\Semester 1\\Synthetic Data Generation for Skin Cancer Detection\\POC\\synthetic-data-gen\\logs\\experiments\\experiment_2_20251220_042000\\images\\ref_064_3.png', 'C:\\Users\\Victor\\Desktop\\University\\Master\\Semester 1\\Synthetic Data Generation for Skin Cancer Detection\\POC\\synthetic-data-gen\\logs\\experiments\\experiment_2_20251220_042000\\images\\ref_064_4.png']",0.4277907160497837,0.0,0.04377072096314353,"{'total_time_seconds': 1005.7130777835846, 'seconds_per_image': 502.8565388917923, 'avg_power_watts': 60.635538284398386, 'peak_power_watts': 63.82, 'total_energy_wh': 16.939431619740745, 'energy_per_image_wh': 8.469715809870372}"
"ultra photorealistic ISIC-style dermoscopic close-up photograph of a single basal cell carcinoma skin lesion on real human skin, taken with a contact polarized dermatoscope using immersion fluid, lesion occupying about one third of the frame on a light pink skin background, full lesion visible and slightly off-center, fine body hairs crossing the lesion and surrounding skin, subtle surface reflections from the dermatoscope contact plate, even soft clinical lighting with no harsh shadows, razor-sharp focus over the entire lesion, natural skin texture and pores clearly visible, realistic color range from light pink to dark brown and black, irregular pigment network and internal structures clearly defined, unedited hospital dermatology research image, no artistic style, no filters, clear skin, no hairs",sd3.5,stabilityai/stable-diffusion-3.5-large,bcc,bcc,bkl then bcc,template_2,C:\Users\Victor\Desktop\University\Master\Semester 1\Synthetic Data Generation for Skin Cancer Detection\POC\synthetic-data-gen\logs\experiments\experiment_2_20251220_042000\images\image_065.png,"['C:\\Users\\Victor\\Desktop\\University\\Master\\Semester 1\\Synthetic Data Generation for Skin Cancer Detection\\POC\\synthetic-data-gen\\logs\\experiments\\experiment_2_20251220_042000\\images\\ref_065_0.png', 'C:\\Users\\Victor\\Desktop\\University\\Master\\Semester 1\\Synthetic Data Generation for Skin Cancer Detection\\POC\\synthetic-data-gen\\logs\\experiments\\experiment_2_20251220_042000\\images\\ref_065_1.png', 'C:\\Users\\Victor\\Desktop\\University\\Master\\Semester 1\\Synthetic Data Generation for Skin Cancer Detection\\POC\\synthetic-data-gen\\logs\\experiments\\experiment_2_20251220_042000\\images\\ref_065_2.png', 'C:\\Users\\Victor\\Desktop\\University\\Master\\Semester 1\\Synthetic Data Generation for Skin Cancer Detection\\POC\\synthetic-data-gen\\logs\\experiments\\experiment_2_20251220_042000\\images\\ref_065_3.png', 'C:\\Users\\Victor\\Desktop\\University\\Master\\Semester 1\\Synthetic Data Generation for Skin Cancer Detection\\POC\\synthetic-data-gen\\logs\\experiments\\experiment_2_20251220_042000\\images\\ref_065_4.png']",0.3746472536389882,0.14427315702618387,0.02324257051159583,"{'total_time_seconds': 1005.7130777835846, 'seconds_per_image': 502.8565388917923, 'avg_power_watts': 60.635538284398386, 'peak_power_watts': 63.82, 'total_energy_wh': 16.939431619740745, 'energy_per_image_wh': 8.469715809870372}"
"ultra photorealistic ISIC-style dermoscopic close-up photograph of a single benign keratosis skin lesion on real human skin, taken with a contact polarized dermatoscope using immersion fluid, lesion occupying about one third of the frame on a light pink skin background, full lesion visible and slightly off-center, fine body hairs crossing the lesion and surrounding skin, subtle surface reflections from the dermatoscope contact plate, even soft clinical lighting with no harsh shadows, razor-sharp focus over the entire lesion, natural skin texture and pores clearly visible, realistic color range from light pink to dark brown and black, irregular pigment network and internal structures clearly defined, unedited hospital dermatology research image, no artistic style, no filters, clear skin, no hairs",sd3.5,stabilityai/stable-diffusion-3.5-large,bkl,bkl,bkl then akiec,template_2,C:\Users\Victor\Desktop\University\Master\Semester 1\Synthetic Data Generation for Skin Cancer Detection\POC\synthetic-data-gen\logs\experiments\experiment_2_20251220_042000\images\image_066.png,"['C:\\Users\\Victor\\Desktop\\University\\Master\\Semester 1\\Synthetic Data Generation for Skin Cancer Detection\\POC\\synthetic-data-gen\\logs\\experiments\\experiment_2_20251220_042000\\images\\ref_066_0.png', 'C:\\Users\\Victor\\Desktop\\University\\Master\\Semester 1\\Synthetic Data Generation for Skin Cancer Detection\\POC\\synthetic-data-gen\\logs\\experiments\\experiment_2_20251220_042000\\images\\ref_066_1.png', 'C:\\Users\\Victor\\Desktop\\University\\Master\\Semester 1\\Synthetic Data Generation for Skin Cancer Detection\\POC\\synthetic-data-gen\\logs\\experiments\\experiment_2_20251220_042000\\images\\ref_066_2.png', 'C:\\Users\\Victor\\Desktop\\University\\Master\\Semester 1\\Synthetic Data Generation for Skin Cancer Detection\\POC\\synthetic-data-gen\\logs\\experiments\\experiment_2_20251220_042000\\images\\ref_066_3.png', 'C:\\Users\\Victor\\Desktop\\University\\Master\\Semester 1\\Synthetic Data Generation for Skin Cancer Detection\\POC\\synthetic-data-gen\\logs\\experiments\\experiment_2_20251220_042000\\images\\ref_066_4.png']",0.5626949261068812,0.01875236817104469,0.056470145714940766,"{'total_time_seconds': 1128.7399957180023, 'seconds_per_image': 564.3699978590012, 'avg_power_watts': 61.399857069933645, 'peak_power_watts': 63.42, 'total_energy_wh': 19.251242890611906, 'energy_per_image_wh': 9.625621445305953}"
"ultra photorealistic ISIC-style dermoscopic close-up photograph of a single actinic keratosis skin lesion on real human skin, taken with a contact polarized dermatoscope using immersion fluid, lesion occupying about one third of the frame on a light pink skin background, full lesion visible and slightly off-center, fine body hairs crossing the lesion and surrounding skin, subtle surface reflections from the dermatoscope contact plate, even soft clinical lighting with no harsh shadows, razor-sharp focus over the entire lesion, natural skin texture and pores clearly visible, realistic color range from light pink to dark brown and black, irregular pigment network and internal structures clearly defined, unedited hospital dermatology research image, no artistic style, no filters, clear skin, no hairs",sd3.5,stabilityai/stable-diffusion-3.5-large,akiec,akiec,bkl then akiec,template_2,C:\Users\Victor\Desktop\University\Master\Semester 1\Synthetic Data Generation for Skin Cancer Detection\POC\synthetic-data-gen\logs\experiments\experiment_2_20251220_042000\images\image_067.png,"['C:\\Users\\Victor\\Desktop\\University\\Master\\Semester 1\\Synthetic Data Generation for Skin Cancer Detection\\POC\\synthetic-data-gen\\logs\\experiments\\experiment_2_20251220_042000\\images\\ref_067_0.png', 'C:\\Users\\Victor\\Desktop\\University\\Master\\Semester 1\\Synthetic Data Generation for Skin Cancer Detection\\POC\\synthetic-data-gen\\logs\\experiments\\experiment_2_20251220_042000\\images\\ref_067_1.png', 'C:\\Users\\Victor\\Desktop\\University\\Master\\Semester 1\\Synthetic Data Generation for Skin Cancer Detection\\POC\\synthetic-data-gen\\logs\\experiments\\experiment_2_20251220_042000\\images\\ref_067_2.png', 'C:\\Users\\Victor\\Desktop\\University\\Master\\Semester 1\\Synthetic Data Generation for Skin Cancer Detection\\POC\\synthetic-data-gen\\logs\\experiments\\experiment_2_20251220_042000\\images\\ref_067_3.png', 'C:\\Users\\Victor\\Desktop\\University\\Master\\Semester 1\\Synthetic Data Generation for Skin Cancer Detection\\POC\\synthetic-data-gen\\logs\\experiments\\experiment_2_20251220_042000\\images\\ref_067_4.png']",0.5134658129031056,0.06348678519375797,0.031152483485716524,"{'total_time_seconds': 1128.7399957180023, 'seconds_per_image': 564.3699978590012, 'avg_power_watts': 61.399857069933645, 'peak_power_watts': 63.42, 'total_energy_wh': 19.251242890611906, 'energy_per_image_wh': 9.625621445305953}"
"ultra photorealistic ISIC-style dermoscopic close-up photograph of a single benign keratosis skin lesion on real human skin, taken with a contact polarized dermatoscope using immersion fluid, lesion occupying about one third of the frame on a light pink skin background, full lesion visible and slightly off-center, fine body hairs crossing the lesion and surrounding skin, subtle surface reflections from the dermatoscope contact plate, even soft clinical lighting with no harsh shadows, razor-sharp focus over the entire lesion, natural skin texture and pores clearly visible, realistic color range from light pink to dark brown and black, irregular pigment network and internal structures clearly defined, unedited hospital dermatology research image, no artistic style, no filters, clear skin, no hairs",sd3.5,stabilityai/stable-diffusion-3.5-large,bkl,bkl,bkl then vasc,template_2,C:\Users\Victor\Desktop\University\Master\Semester 1\Synthetic Data Generation for Skin Cancer Detection\POC\synthetic-data-gen\logs\experiments\experiment_2_20251220_042000\images\image_068.png,"['C:\\Users\\Victor\\Desktop\\University\\Master\\Semester 1\\Synthetic Data Generation for Skin Cancer Detection\\POC\\synthetic-data-gen\\logs\\experiments\\experiment_2_20251220_042000\\images\\ref_068_0.png', 'C:\\Users\\Victor\\Desktop\\University\\Master\\Semester 1\\Synthetic Data Generation for Skin Cancer Detection\\POC\\synthetic-data-gen\\logs\\experiments\\experiment_2_20251220_042000\\images\\ref_068_1.png', 'C:\\Users\\Victor\\Desktop\\University\\Master\\Semester 1\\Synthetic Data Generation for Skin Cancer Detection\\POC\\synthetic-data-gen\\logs\\experiments\\experiment_2_20251220_042000\\images\\ref_068_2.png', 'C:\\Users\\Victor\\Desktop\\University\\Master\\Semester 1\\Synthetic Data Generation for Skin Cancer Detection\\POC\\synthetic-data-gen\\logs\\experiments\\experiment_2_20251220_042000\\images\\ref_068_3.png', 'C:\\Users\\Victor\\Desktop\\University\\Master\\Semester 1\\Synthetic Data Generation for Skin Cancer Detection\\POC\\synthetic-data-gen\\logs\\experiments\\experiment_2_20251220_042000\\images\\ref_068_4.png']",0.3575764143928806,0.0,0.024123692594755018,"{'total_time_seconds': 1131.2390353679657, 'seconds_per_image': 565.6195176839828, 'avg_power_watts': 61.17859622256253, 'peak_power_watts': 64.33, 'total_energy_wh': 19.22433782666053, 'energy_per_image_wh': 9.612168913330265}"
"ultra photorealistic ISIC-style dermoscopic close-up photograph of a single vascular lesion skin lesion on real human skin, taken with a contact polarized dermatoscope using immersion fluid, lesion occupying about one third of the frame on a light pink skin background, full lesion visible and slightly off-center, fine body hairs crossing the lesion and surrounding skin, subtle surface reflections from the dermatoscope contact plate, even soft clinical lighting with no harsh shadows, razor-sharp focus over the entire lesion, natural skin texture and pores clearly visible, realistic color range from light pink to dark brown and black, irregular pigment network and internal structures clearly defined, unedited hospital dermatology research image, no artistic style, no filters, clear skin, no hairs",sd3.5,stabilityai/stable-diffusion-3.5-large,vasc,vasc,bkl then vasc,template_2,C:\Users\Victor\Desktop\University\Master\Semester 1\Synthetic Data Generation for Skin Cancer Detection\POC\synthetic-data-gen\logs\experiments\experiment_2_20251220_042000\images\image_069.png,"['C:\\Users\\Victor\\Desktop\\University\\Master\\Semester 1\\Synthetic Data Generation for Skin Cancer Detection\\POC\\synthetic-data-gen\\logs\\experiments\\experiment_2_20251220_042000\\images\\ref_069_0.png', 'C:\\Users\\Victor\\Desktop\\University\\Master\\Semester 1\\Synthetic Data Generation for Skin Cancer Detection\\POC\\synthetic-data-gen\\logs\\experiments\\experiment_2_20251220_042000\\images\\ref_069_1.png', 'C:\\Users\\Victor\\Desktop\\University\\Master\\Semester 1\\Synthetic Data Generation for Skin Cancer Detection\\POC\\synthetic-data-gen\\logs\\experiments\\experiment_2_20251220_042000\\images\\ref_069_2.png', 'C:\\Users\\Victor\\Desktop\\University\\Master\\Semester 1\\Synthetic Data Generation for Skin Cancer Detection\\POC\\synthetic-data-gen\\logs\\experiments\\experiment_2_20251220_042000\\images\\ref_069_3.png', 'C:\\Users\\Victor\\Desktop\\University\\Master\\Semester 1\\Synthetic Data Generation for Skin Cancer Detection\\POC\\synthetic-data-gen\\logs\\experiments\\experiment_2_20251220_042000\\images\\ref_069_4.png']",0.6638841210823718,0.06444487198746637,0.020126460177308732,"{'total_time_seconds': 1131.2390353679657, 'seconds_per_image': 565.6195176839828, 'avg_power_watts': 61.17859622256253, 'peak_power_watts': 64.33, 'total_energy_wh': 19.22433782666053, 'energy_per_image_wh': 9.612168913330265}"
"ultra photorealistic ISIC-style dermoscopic close-up photograph of a single benign keratosis skin lesion on real human skin, taken with a contact polarized dermatoscope using immersion fluid, lesion occupying about one third of the frame on a light pink skin background, full lesion visible and slightly off-center, fine body hairs crossing the lesion and surrounding skin, subtle surface reflections from the dermatoscope contact plate, even soft clinical lighting with no harsh shadows, razor-sharp focus over the entire lesion, natural skin texture and pores clearly visible, realistic color range from light pink to dark brown and black, irregular pigment network and internal structures clearly defined, unedited hospital dermatology research image, no artistic style, no filters, clear skin, no hairs",sd3.5,stabilityai/stable-diffusion-3.5-large,bkl,bkl,bkl then df,template_2,C:\Users\Victor\Desktop\University\Master\Semester 1\Synthetic Data Generation for Skin Cancer Detection\POC\synthetic-data-gen\logs\experiments\experiment_2_20251220_042000\images\image_070.png,"['C:\\Users\\Victor\\Desktop\\University\\Master\\Semester 1\\Synthetic Data Generation for Skin Cancer Detection\\POC\\synthetic-data-gen\\logs\\experiments\\experiment_2_20251220_042000\\images\\ref_070_0.png', 'C:\\Users\\Victor\\Desktop\\University\\Master\\Semester 1\\Synthetic Data Generation for Skin Cancer Detection\\POC\\synthetic-data-gen\\logs\\experiments\\experiment_2_20251220_042000\\images\\ref_070_1.png', 'C:\\Users\\Victor\\Desktop\\University\\Master\\Semester 1\\Synthetic Data Generation for Skin Cancer Detection\\POC\\synthetic-data-gen\\logs\\experiments\\experiment_2_20251220_042000\\images\\ref_070_2.png', 'C:\\Users\\Victor\\Desktop\\University\\Master\\Semester 1\\Synthetic Data Generation for Skin Cancer Detection\\POC\\synthetic-data-gen\\logs\\experiments\\experiment_2_20251220_042000\\images\\ref_070_3.png', 'C:\\Users\\Victor\\Desktop\\University\\Master\\Semester 1\\Synthetic Data Generation for Skin Cancer Detection\\POC\\synthetic-data-gen\\logs\\experiments\\experiment_2_20251220_042000\\images\\ref_070_4.png']",0.4061115709634563,0.07536903317318353,0.019056124538203684,"{'total_time_seconds': 1025.6482157707214, 'seconds_per_image': 512.8241078853607, 'avg_power_watts': 61.64882419446015, 'peak_power_watts': 68.32, 'total_energy_wh': 17.563890705391927, 'energy_per_image_wh': 8.781945352695963}"
"ultra photorealistic ISIC-style dermoscopic close-up photograph of a single dermatofibroma skin lesion on real human skin, taken with a contact polarized dermatoscope using immersion fluid, lesion occupying about one third of the frame on a light pink skin background, full lesion visible and slightly off-center, fine body hairs crossing the lesion and surrounding skin, subtle surface reflections from the dermatoscope contact plate, even soft clinical lighting with no harsh shadows, razor-sharp focus over the entire lesion, natural skin texture and pores clearly visible, realistic color range from light pink to dark brown and black, irregular pigment network and internal structures clearly defined, unedited hospital dermatology research image, no artistic style, no filters, clear skin, no hairs",sd3.5,stabilityai/stable-diffusion-3.5-large,df,df,bkl then df,template_2,C:\Users\Victor\Desktop\University\Master\Semester 1\Synthetic Data Generation for Skin Cancer Detection\POC\synthetic-data-gen\logs\experiments\experiment_2_20251220_042000\images\image_071.png,"['C:\\Users\\Victor\\Desktop\\University\\Master\\Semester 1\\Synthetic Data Generation for Skin Cancer Detection\\POC\\synthetic-data-gen\\logs\\experiments\\experiment_2_20251220_042000\\images\\ref_071_0.png', 'C:\\Users\\Victor\\Desktop\\University\\Master\\Semester 1\\Synthetic Data Generation for Skin Cancer Detection\\POC\\synthetic-data-gen\\logs\\experiments\\experiment_2_20251220_042000\\images\\ref_071_1.png', 'C:\\Users\\Victor\\Desktop\\University\\Master\\Semester 1\\Synthetic Data Generation for Skin Cancer Detection\\POC\\synthetic-data-gen\\logs\\experiments\\experiment_2_20251220_042000\\images\\ref_071_2.png', 'C:\\Users\\Victor\\Desktop\\University\\Master\\Semester 1\\Synthetic Data Generation for Skin Cancer Detection\\POC\\synthetic-data-gen\\logs\\experiments\\experiment_2_20251220_042000\\images\\ref_071_3.png', 'C:\\Users\\Victor\\Desktop\\University\\Master\\Semester 1\\Synthetic Data Generation for Skin Cancer Detection\\POC\\synthetic-data-gen\\logs\\experiments\\experiment_2_20251220_042000\\images\\ref_071_4.png']",0.45232990125401457,0.07576900745198326,0.01345685414528563,"{'total_time_seconds': 1025.6482157707214, 'seconds_per_image': 512.8241078853607, 'avg_power_watts': 61.64882419446015, 'peak_power_watts': 68.32, 'total_energy_wh': 17.563890705391927, 'energy_per_image_wh': 8.781945352695963}"
"ultra photorealistic ISIC-style dermoscopic close-up photograph of a single basal cell carcinoma skin lesion on real human skin, taken with a contact polarized dermatoscope using immersion fluid, lesion occupying about one third of the frame on a light pink skin background, full lesion visible and slightly off-center, fine body hairs crossing the lesion and surrounding skin, subtle surface reflections from the dermatoscope contact plate, even soft clinical lighting with no harsh shadows, razor-sharp focus over the entire lesion, natural skin texture and pores clearly visible, realistic color range from light pink to dark brown and black, irregular pigment network and internal structures clearly defined, unedited hospital dermatology research image, no artistic style, no filters, clear skin, no hairs",sd3.5,stabilityai/stable-diffusion-3.5-large,bcc,bcc,bcc then akiec,template_2,C:\Users\Victor\Desktop\University\Master\Semester 1\Synthetic Data Generation for Skin Cancer Detection\POC\synthetic-data-gen\logs\experiments\experiment_2_20251220_042000\images\image_072.png,"['C:\\Users\\Victor\\Desktop\\University\\Master\\Semester 1\\Synthetic Data Generation for Skin Cancer Detection\\POC\\synthetic-data-gen\\logs\\experiments\\experiment_2_20251220_042000\\images\\ref_072_0.png', 'C:\\Users\\Victor\\Desktop\\University\\Master\\Semester 1\\Synthetic Data Generation for Skin Cancer Detection\\POC\\synthetic-data-gen\\logs\\experiments\\experiment_2_20251220_042000\\images\\ref_072_1.png', 'C:\\Users\\Victor\\Desktop\\University\\Master\\Semester 1\\Synthetic Data Generation for Skin Cancer Detection\\POC\\synthetic-data-gen\\logs\\experiments\\experiment_2_20251220_042000\\images\\ref_072_2.png', 'C:\\Users\\Victor\\Desktop\\University\\Master\\Semester 1\\Synthetic Data Generation for Skin Cancer Detection\\POC\\synthetic-data-gen\\logs\\experiments\\experiment_2_20251220_042000\\images\\ref_072_3.png', 'C:\\Users\\Victor\\Desktop\\University\\Master\\Semester 1\\Synthetic Data Generation for Skin Cancer Detection\\POC\\synthetic-data-gen\\logs\\experiments\\experiment_2_20251220_042000\\images\\ref_072_4.png']",0.4775464243280318,0.11392271021377924,0.03206901691074107,"{'total_time_seconds': 1124.8697865009308, 'seconds_per_image': 562.4348932504654, 'avg_power_watts': 61.79351351351352, 'peak_power_watts': 67.89, 'total_energy_wh': 19.30823787585787, 'energy_per_image_wh': 9.654118937928935}"
"ultra photorealistic ISIC-style dermoscopic close-up photograph of a single actinic keratosis skin lesion on real human skin, taken with a contact polarized dermatoscope using immersion fluid, lesion occupying about one third of the frame on a light pink skin background, full lesion visible and slightly off-center, fine body hairs crossing the lesion and surrounding skin, subtle surface reflections from the dermatoscope contact plate, even soft clinical lighting with no harsh shadows, razor-sharp focus over the entire lesion, natural skin texture and pores clearly visible, realistic color range from light pink to dark brown and black, irregular pigment network and internal structures clearly defined, unedited hospital dermatology research image, no artistic style, no filters, clear skin, no hairs",sd3.5,stabilityai/stable-diffusion-3.5-large,akiec,akiec,bcc then akiec,template_2,C:\Users\Victor\Desktop\University\Master\Semester 1\Synthetic Data Generation for Skin Cancer Detection\POC\synthetic-data-gen\logs\experiments\experiment_2_20251220_042000\images\image_073.png,"['C:\\Users\\Victor\\Desktop\\University\\Master\\Semester 1\\Synthetic Data Generation for Skin Cancer Detection\\POC\\synthetic-data-gen\\logs\\experiments\\experiment_2_20251220_042000\\images\\ref_073_0.png', 'C:\\Users\\Victor\\Desktop\\University\\Master\\Semester 1\\Synthetic Data Generation for Skin Cancer Detection\\POC\\synthetic-data-gen\\logs\\experiments\\experiment_2_20251220_042000\\images\\ref_073_1.png', 'C:\\Users\\Victor\\Desktop\\University\\Master\\Semester 1\\Synthetic Data Generation for Skin Cancer Detection\\POC\\synthetic-data-gen\\logs\\experiments\\experiment_2_20251220_042000\\images\\ref_073_2.png', 'C:\\Users\\Victor\\Desktop\\University\\Master\\Semester 1\\Synthetic Data Generation for Skin Cancer Detection\\POC\\synthetic-data-gen\\logs\\experiments\\experiment_2_20251220_042000\\images\\ref_073_3.png', 'C:\\Users\\Victor\\Desktop\\University\\Master\\Semester 1\\Synthetic Data Generation for Skin Cancer Detection\\POC\\synthetic-data-gen\\logs\\experiments\\experiment_2_20251220_042000\\images\\ref_073_4.png']",0.5242530165164201,0.007489432718788174,0.023573900743151154,"{'total_time_seconds': 1124.8697865009308, 'seconds_per_image': 562.4348932504654, 'avg_power_watts': 61.79351351351352, 'peak_power_watts': 67.89, 'total_energy_wh': 19.30823787585787, 'energy_per_image_wh': 9.654118937928935}"
"ultra photorealistic ISIC-style dermoscopic close-up photograph of a single basal cell carcinoma skin lesion on real human skin, taken with a contact polarized dermatoscope using immersion fluid, lesion occupying about one third of the frame on a light pink skin background, full lesion visible and slightly off-center, fine body hairs crossing the lesion and surrounding skin, subtle surface reflections from the dermatoscope contact plate, even soft clinical lighting with no harsh shadows, razor-sharp focus over the entire lesion, natural skin texture and pores clearly visible, realistic color range from light pink to dark brown and black, irregular pigment network and internal structures clearly defined, unedited hospital dermatology research image, no artistic style, no filters, clear skin, no hairs",sd3.5,stabilityai/stable-diffusion-3.5-large,bcc,bcc,bcc then vasc,template_2,C:\Users\Victor\Desktop\University\Master\Semester 1\Synthetic Data Generation for Skin Cancer Detection\POC\synthetic-data-gen\logs\experiments\experiment_2_20251220_042000\images\image_074.png,"['C:\\Users\\Victor\\Desktop\\University\\Master\\Semester 1\\Synthetic Data Generation for Skin Cancer Detection\\POC\\synthetic-data-gen\\logs\\experiments\\experiment_2_20251220_042000\\images\\ref_074_0.png', 'C:\\Users\\Victor\\Desktop\\University\\Master\\Semester 1\\Synthetic Data Generation for Skin Cancer Detection\\POC\\synthetic-data-gen\\logs\\experiments\\experiment_2_20251220_042000\\images\\ref_074_1.png', 'C:\\Users\\Victor\\Desktop\\University\\Master\\Semester 1\\Synthetic Data Generation for Skin Cancer Detection\\POC\\synthetic-data-gen\\logs\\experiments\\experiment_2_20251220_042000\\images\\ref_074_2.png', 'C:\\Users\\Victor\\Desktop\\University\\Master\\Semester 1\\Synthetic Data Generation for Skin Cancer Detection\\POC\\synthetic-data-gen\\logs\\experiments\\experiment_2_20251220_042000\\images\\ref_074_3.png', 'C:\\Users\\Victor\\Desktop\\University\\Master\\Semester 1\\Synthetic Data Generation for Skin Cancer Detection\\POC\\synthetic-data-gen\\logs\\experiments\\experiment_2_20251220_042000\\images\\ref_074_4.png']",0.5853296604119274,0.21462384887942823,0.03020006882781675,"{'total_time_seconds': 1149.5387272834778, 'seconds_per_image': 574.7693636417389, 'avg_power_watts': 60.70532460996477, 'peak_power_watts': 63.94, 'total_energy_wh': 19.3842004420748, 'energy_per_image_wh': 9.6921002210374}"
"ultra photorealistic ISIC-style dermoscopic close-up photograph of a single vascular lesion skin lesion on real human skin, taken with a contact polarized dermatoscope using immersion fluid, lesion occupying about one third of the frame on a light pink skin background, full lesion visible and slightly off-center, fine body hairs crossing the lesion and surrounding skin, subtle surface reflections from the dermatoscope contact plate, even soft clinical lighting with no harsh shadows, razor-sharp focus over the entire lesion, natural skin texture and pores clearly visible, realistic color range from light pink to dark brown and black, irregular pigment network and internal structures clearly defined, unedited hospital dermatology research image, no artistic style, no filters, clear skin, no hairs",sd3.5,stabilityai/stable-diffusion-3.5-large,vasc,vasc,bcc then vasc,template_2,C:\Users\Victor\Desktop\University\Master\Semester 1\Synthetic Data Generation for Skin Cancer Detection\POC\synthetic-data-gen\logs\experiments\experiment_2_20251220_042000\images\image_075.png,"['C:\\Users\\Victor\\Desktop\\University\\Master\\Semester 1\\Synthetic Data Generation for Skin Cancer Detection\\POC\\synthetic-data-gen\\logs\\experiments\\experiment_2_20251220_042000\\images\\ref_075_0.png', 'C:\\Users\\Victor\\Desktop\\University\\Master\\Semester 1\\Synthetic Data Generation for Skin Cancer Detection\\POC\\synthetic-data-gen\\logs\\experiments\\experiment_2_20251220_042000\\images\\ref_075_1.png', 'C:\\Users\\Victor\\Desktop\\University\\Master\\Semester 1\\Synthetic Data Generation for Skin Cancer Detection\\POC\\synthetic-data-gen\\logs\\experiments\\experiment_2_20251220_042000\\images\\ref_075_2.png', 'C:\\Users\\Victor\\Desktop\\University\\Master\\Semester 1\\Synthetic Data Generation for Skin Cancer Detection\\POC\\synthetic-data-gen\\logs\\experiments\\experiment_2_20251220_042000\\images\\ref_075_3.png', 'C:\\Users\\Victor\\Desktop\\University\\Master\\Semester 1\\Synthetic Data Generation for Skin Cancer Detection\\POC\\synthetic-data-gen\\logs\\experiments\\experiment_2_20251220_042000\\images\\ref_075_4.png']",0.48768605858970593,0.024865997769991495,0.014818831232075957,"{'total_time_seconds': 1149.5387272834778, 'seconds_per_image': 574.7693636417389, 'avg_power_watts': 60.70532460996477, 'peak_power_watts': 63.94, 'total_energy_wh': 19.3842004420748, 'energy_per_image_wh': 9.6921002210374}"
"ultra photorealistic ISIC-style dermoscopic close-up photograph of a single basal cell carcinoma skin lesion on real human skin, taken with a contact polarized dermatoscope using immersion fluid, lesion occupying about one third of the frame on a light pink skin background, full lesion visible and slightly off-center, fine body hairs crossing the lesion and surrounding skin, subtle surface reflections from the dermatoscope contact plate, even soft clinical lighting with no harsh shadows, razor-sharp focus over the entire lesion, natural skin texture and pores clearly visible, realistic color range from light pink to dark brown and black, irregular pigment network and internal structures clearly defined, unedited hospital dermatology research image, no artistic style, no filters, clear skin, no hairs",sd3.5,stabilityai/stable-diffusion-3.5-large,bcc,bcc,bcc then df,template_2,C:\Users\Victor\Desktop\University\Master\Semester 1\Synthetic Data Generation for Skin Cancer Detection\POC\synthetic-data-gen\logs\experiments\experiment_2_20251220_042000\images\image_076.png,"['C:\\Users\\Victor\\Desktop\\University\\Master\\Semester 1\\Synthetic Data Generation for Skin Cancer Detection\\POC\\synthetic-data-gen\\logs\\experiments\\experiment_2_20251220_042000\\images\\ref_076_0.png', 'C:\\Users\\Victor\\Desktop\\University\\Master\\Semester 1\\Synthetic Data Generation for Skin Cancer Detection\\POC\\synthetic-data-gen\\logs\\experiments\\experiment_2_20251220_042000\\images\\ref_076_1.png', 'C:\\Users\\Victor\\Desktop\\University\\Master\\Semester 1\\Synthetic Data Generation for Skin Cancer Detection\\POC\\synthetic-data-gen\\logs\\experiments\\experiment_2_20251220_042000\\images\\ref_076_2.png', 'C:\\Users\\Victor\\Desktop\\University\\Master\\Semester 1\\Synthetic Data Generation for Skin Cancer Detection\\POC\\synthetic-data-gen\\logs\\experiments\\experiment_2_20251220_042000\\images\\ref_076_3.png', 'C:\\Users\\Victor\\Desktop\\University\\Master\\Semester 1\\Synthetic Data Generation for Skin Cancer Detection\\POC\\synthetic-data-gen\\logs\\experiments\\experiment_2_20251220_042000\\images\\ref_076_4.png']",0.429018882408949,0.03991624610256096,0.01265597362111566,"{'total_time_seconds': 1041.3369336128235, 'seconds_per_image': 520.6684668064117, 'avg_power_watts': 61.29563122923588, 'peak_power_watts': 63.72, 'total_energy_wh': 17.730390185587478, 'energy_per_image_wh': 8.865195092793739}"
"ultra photorealistic ISIC-style dermoscopic close-up photograph of a single dermatofibroma skin lesion on real human skin, taken with a contact polarized dermatoscope using immersion fluid, lesion occupying about one third of the frame on a light pink skin background, full lesion visible and slightly off-center, fine body hairs crossing the lesion and surrounding skin, subtle surface reflections from the dermatoscope contact plate, even soft clinical lighting with no harsh shadows, razor-sharp focus over the entire lesion, natural skin texture and pores clearly visible, realistic color range from light pink to dark brown and black, irregular pigment network and internal structures clearly defined, unedited hospital dermatology research image, no artistic style, no filters, clear skin, no hairs",sd3.5,stabilityai/stable-diffusion-3.5-large,df,df,bcc then df,template_2,C:\Users\Victor\Desktop\University\Master\Semester 1\Synthetic Data Generation for Skin Cancer Detection\POC\synthetic-data-gen\logs\experiments\experiment_2_20251220_042000\images\image_077.png,"['C:\\Users\\Victor\\Desktop\\University\\Master\\Semester 1\\Synthetic Data Generation for Skin Cancer Detection\\POC\\synthetic-data-gen\\logs\\experiments\\experiment_2_20251220_042000\\images\\ref_077_0.png', 'C:\\Users\\Victor\\Desktop\\University\\Master\\Semester 1\\Synthetic Data Generation for Skin Cancer Detection\\POC\\synthetic-data-gen\\logs\\experiments\\experiment_2_20251220_042000\\images\\ref_077_1.png', 'C:\\Users\\Victor\\Desktop\\University\\Master\\Semester 1\\Synthetic Data Generation for Skin Cancer Detection\\POC\\synthetic-data-gen\\logs\\experiments\\experiment_2_20251220_042000\\images\\ref_077_2.png', 'C:\\Users\\Victor\\Desktop\\University\\Master\\Semester 1\\Synthetic Data Generation for Skin Cancer Detection\\POC\\synthetic-data-gen\\logs\\experiments\\experiment_2_20251220_042000\\images\\ref_077_3.png', 'C:\\Users\\Victor\\Desktop\\University\\Master\\Semester 1\\Synthetic Data Generation for Skin Cancer Detection\\POC\\synthetic-data-gen\\logs\\experiments\\experiment_2_20251220_042000\\images\\ref_077_4.png']",0.5083703564053593,0.08165572851874485,0.0750695436141888,"{'total_time_seconds': 1041.3369336128235, 'seconds_per_image': 520.6684668064117, 'avg_power_watts': 61.29563122923588, 'peak_power_watts': 63.72, 'total_energy_wh': 17.730390185587478, 'energy_per_image_wh': 8.865195092793739}"
"ultra photorealistic ISIC-style dermoscopic close-up photograph of a single actinic keratosis skin lesion on real human skin, taken with a contact polarized dermatoscope using immersion fluid, lesion occupying about one third of the frame on a light pink skin background, full lesion visible and slightly off-center, fine body hairs crossing the lesion and surrounding skin, subtle surface reflections from the dermatoscope contact plate, even soft clinical lighting with no harsh shadows, razor-sharp focus over the entire lesion, natural skin texture and pores clearly visible, realistic color range from light pink to dark brown and black, irregular pigment network and internal structures clearly defined, unedited hospital dermatology research image, no artistic style, no filters, clear skin, no hairs",sd3.5,stabilityai/stable-diffusion-3.5-large,akiec,akiec,akiec then vasc,template_2,C:\Users\Victor\Desktop\University\Master\Semester 1\Synthetic Data Generation for Skin Cancer Detection\POC\synthetic-data-gen\logs\experiments\experiment_2_20251220_042000\images\image_078.png,"['C:\\Users\\Victor\\Desktop\\University\\Master\\Semester 1\\Synthetic Data Generation for Skin Cancer Detection\\POC\\synthetic-data-gen\\logs\\experiments\\experiment_2_20251220_042000\\images\\ref_078_0.png', 'C:\\Users\\Victor\\Desktop\\University\\Master\\Semester 1\\Synthetic Data Generation for Skin Cancer Detection\\POC\\synthetic-data-gen\\logs\\experiments\\experiment_2_20251220_042000\\images\\ref_078_1.png', 'C:\\Users\\Victor\\Desktop\\University\\Master\\Semester 1\\Synthetic Data Generation for Skin Cancer Detection\\POC\\synthetic-data-gen\\logs\\experiments\\experiment_2_20251220_042000\\images\\ref_078_2.png', 'C:\\Users\\Victor\\Desktop\\University\\Master\\Semester 1\\Synthetic Data Generation for Skin Cancer Detection\\POC\\synthetic-data-gen\\logs\\experiments\\experiment_2_20251220_042000\\images\\ref_078_3.png', 'C:\\Users\\Victor\\Desktop\\University\\Master\\Semester 1\\Synthetic Data Generation for Skin Cancer Detection\\POC\\synthetic-data-gen\\logs\\experiments\\experiment_2_20251220_042000\\images\\ref_078_4.png']",0.4970137007297185,0.10158065223498933,0.03223740313395202,"{'total_time_seconds': 1119.3155987262726, 'seconds_per_image': 559.6577993631363, 'avg_power_watts': 61.21016931759877, 'peak_power_watts': 67.65, 'total_energy_wh': 19.03152703274016, 'energy_per_image_wh': 9.51576351637008}"
"ultra photorealistic ISIC-style dermoscopic close-up photograph of a single vascular lesion skin lesion on real human skin, taken with a contact polarized dermatoscope using immersion fluid, lesion occupying about one third of the frame on a light pink skin background, full lesion visible and slightly off-center, fine body hairs crossing the lesion and surrounding skin, subtle surface reflections from the dermatoscope contact plate, even soft clinical lighting with no harsh shadows, razor-sharp focus over the entire lesion, natural skin texture and pores clearly visible, realistic color range from light pink to dark brown and black, irregular pigment network and internal structures clearly defined, unedited hospital dermatology research image, no artistic style, no filters, clear skin, no hairs",sd3.5,stabilityai/stable-diffusion-3.5-large,vasc,vasc,akiec then vasc,template_2,C:\Users\Victor\Desktop\University\Master\Semester 1\Synthetic Data Generation for Skin Cancer Detection\POC\synthetic-data-gen\logs\experiments\experiment_2_20251220_042000\images\image_079.png,"['C:\\Users\\Victor\\Desktop\\University\\Master\\Semester 1\\Synthetic Data Generation for Skin Cancer Detection\\POC\\synthetic-data-gen\\logs\\experiments\\experiment_2_20251220_042000\\images\\ref_079_0.png', 'C:\\Users\\Victor\\Desktop\\University\\Master\\Semester 1\\Synthetic Data Generation for Skin Cancer Detection\\POC\\synthetic-data-gen\\logs\\experiments\\experiment_2_20251220_042000\\images\\ref_079_1.png', 'C:\\Users\\Victor\\Desktop\\University\\Master\\Semester 1\\Synthetic Data Generation for Skin Cancer Detection\\POC\\synthetic-data-gen\\logs\\experiments\\experiment_2_20251220_042000\\images\\ref_079_2.png', 'C:\\Users\\Victor\\Desktop\\University\\Master\\Semester 1\\Synthetic Data Generation for Skin Cancer Detection\\POC\\synthetic-data-gen\\logs\\experiments\\experiment_2_20251220_042000\\images\\ref_079_3.png', 'C:\\Users\\Victor\\Desktop\\University\\Master\\Semester 1\\Synthetic Data Generation for Skin Cancer Detection\\POC\\synthetic-data-gen\\logs\\experiments\\experiment_2_20251220_042000\\images\\ref_079_4.png']",0.5995544067639262,0.07750255520606719,0.042054478224925314,"{'total_time_seconds': 1119.3155987262726, 'seconds_per_image': 559.6577993631363, 'avg_power_watts': 61.21016931759877, 'peak_power_watts': 67.65, 'total_energy_wh': 19.03152703274016, 'energy_per_image_wh': 9.51576351637008}"
"ultra photorealistic ISIC-style dermoscopic close-up photograph of a single actinic keratosis skin lesion on real human skin, taken with a contact polarized dermatoscope using immersion fluid, lesion occupying about one third of the frame on a light pink skin background, full lesion visible and slightly off-center, fine body hairs crossing the lesion and surrounding skin, subtle surface reflections from the dermatoscope contact plate, even soft clinical lighting with no harsh shadows, razor-sharp focus over the entire lesion, natural skin texture and pores clearly visible, realistic color range from light pink to dark brown and black, irregular pigment network and internal structures clearly defined, unedited hospital dermatology research image, no artistic style, no filters, clear skin, no hairs",sd3.5,stabilityai/stable-diffusion-3.5-large,akiec,akiec,akiec then df,template_2,C:\Users\Victor\Desktop\University\Master\Semester 1\Synthetic Data Generation for Skin Cancer Detection\POC\synthetic-data-gen\logs\experiments\experiment_2_20251220_042000\images\image_080.png,"['C:\\Users\\Victor\\Desktop\\University\\Master\\Semester 1\\Synthetic Data Generation for Skin Cancer Detection\\POC\\synthetic-data-gen\\logs\\experiments\\experiment_2_20251220_042000\\images\\ref_080_0.png', 'C:\\Users\\Victor\\Desktop\\University\\Master\\Semester 1\\Synthetic Data Generation for Skin Cancer Detection\\POC\\synthetic-data-gen\\logs\\experiments\\experiment_2_20251220_042000\\images\\ref_080_1.png', 'C:\\Users\\Victor\\Desktop\\University\\Master\\Semester 1\\Synthetic Data Generation for Skin Cancer Detection\\POC\\synthetic-data-gen\\logs\\experiments\\experiment_2_20251220_042000\\images\\ref_080_2.png', 'C:\\Users\\Victor\\Desktop\\University\\Master\\Semester 1\\Synthetic Data Generation for Skin Cancer Detection\\POC\\synthetic-data-gen\\logs\\experiments\\experiment_2_20251220_042000\\images\\ref_080_3.png', 'C:\\Users\\Victor\\Desktop\\University\\Master\\Semester 1\\Synthetic Data Generation for Skin Cancer Detection\\POC\\synthetic-data-gen\\logs\\experiments\\experiment_2_20251220_042000\\images\\ref_080_4.png']",0.5842774271477624,0.045887298492159966,0.05614554903655196,"{'total_time_seconds': 1153.865079164505, 'seconds_per_image': 576.9325395822525, 'avg_power_watts': 60.58786819770344, 'peak_power_watts': 63.77, 'total_energy_wh': 19.41950703731991, 'energy_per_image_wh': 9.709753518659955}"
"ultra photorealistic ISIC-style dermoscopic close-up photograph of a single dermatofibroma skin lesion on real human skin, taken with a contact polarized dermatoscope using immersion fluid, lesion occupying about one third of the frame on a light pink skin background, full lesion visible and slightly off-center, fine body hairs crossing the lesion and surrounding skin, subtle surface reflections from the dermatoscope contact plate, even soft clinical lighting with no harsh shadows, razor-sharp focus over the entire lesion, natural skin texture and pores clearly visible, realistic color range from light pink to dark brown and black, irregular pigment network and internal structures clearly defined, unedited hospital dermatology research image, no artistic style, no filters, clear skin, no hairs",sd3.5,stabilityai/stable-diffusion-3.5-large,df,df,akiec then df,template_2,C:\Users\Victor\Desktop\University\Master\Semester 1\Synthetic Data Generation for Skin Cancer Detection\POC\synthetic-data-gen\logs\experiments\experiment_2_20251220_042000\images\image_081.png,"['C:\\Users\\Victor\\Desktop\\University\\Master\\Semester 1\\Synthetic Data Generation for Skin Cancer Detection\\POC\\synthetic-data-gen\\logs\\experiments\\experiment_2_20251220_042000\\images\\ref_081_0.png', 'C:\\Users\\Victor\\Desktop\\University\\Master\\Semester 1\\Synthetic Data Generation for Skin Cancer Detection\\POC\\synthetic-data-gen\\logs\\experiments\\experiment_2_20251220_042000\\images\\ref_081_1.png', 'C:\\Users\\Victor\\Desktop\\University\\Master\\Semester 1\\Synthetic Data Generation for Skin Cancer Detection\\POC\\synthetic-data-gen\\logs\\experiments\\experiment_2_20251220_042000\\images\\ref_081_2.png', 'C:\\Users\\Victor\\Desktop\\University\\Master\\Semester 1\\Synthetic Data Generation for Skin Cancer Detection\\POC\\synthetic-data-gen\\logs\\experiments\\experiment_2_20251220_042000\\images\\ref_081_3.png', 'C:\\Users\\Victor\\Desktop\\University\\Master\\Semester 1\\Synthetic Data Generation for Skin Cancer Detection\\POC\\synthetic-data-gen\\logs\\experiments\\experiment_2_20251220_042000\\images\\ref_081_4.png']",0.6284379292621274,0.21133805271200198,0.027054576764573464,"{'total_time_seconds': 1153.865079164505, 'seconds_per_image': 576.9325395822525, 'avg_power_watts': 60.58786819770344, 'peak_power_watts': 63.77, 'total_energy_wh': 19.41950703731991, 'energy_per_image_wh': 9.709753518659955}"
"ultra photorealistic ISIC-style dermoscopic close-up photograph of a single vascular lesion skin lesion on real human skin, taken with a contact polarized dermatoscope using immersion fluid, lesion occupying about one third of the frame on a light pink skin background, full lesion visible and slightly off-center, fine body hairs crossing the lesion and surrounding skin, subtle surface reflections from the dermatoscope contact plate, even soft clinical lighting with no harsh shadows, razor-sharp focus over the entire lesion, natural skin texture and pores clearly visible, realistic color range from light pink to dark brown and black, irregular pigment network and internal structures clearly defined, unedited hospital dermatology research image, no artistic style, no filters, clear skin, no hairs",sd3.5,stabilityai/stable-diffusion-3.5-large,vasc,vasc,vasc then df,template_2,C:\Users\Victor\Desktop\University\Master\Semester 1\Synthetic Data Generation for Skin Cancer Detection\POC\synthetic-data-gen\logs\experiments\experiment_2_20251220_042000\images\image_082.png,"['C:\\Users\\Victor\\Desktop\\University\\Master\\Semester 1\\Synthetic Data Generation for Skin Cancer Detection\\POC\\synthetic-data-gen\\logs\\experiments\\experiment_2_20251220_042000\\images\\ref_082_0.png', 'C:\\Users\\Victor\\Desktop\\University\\Master\\Semester 1\\Synthetic Data Generation for Skin Cancer Detection\\POC\\synthetic-data-gen\\logs\\experiments\\experiment_2_20251220_042000\\images\\ref_082_1.png', 'C:\\Users\\Victor\\Desktop\\University\\Master\\Semester 1\\Synthetic Data Generation for Skin Cancer Detection\\POC\\synthetic-data-gen\\logs\\experiments\\experiment_2_20251220_042000\\images\\ref_082_2.png', 'C:\\Users\\Victor\\Desktop\\University\\Master\\Semester 1\\Synthetic Data Generation for Skin Cancer Detection\\POC\\synthetic-data-gen\\logs\\experiments\\experiment_2_20251220_042000\\images\\ref_082_3.png', 'C:\\Users\\Victor\\Desktop\\University\\Master\\Semester 1\\Synthetic Data Generation for Skin Cancer Detection\\POC\\synthetic-data-gen\\logs\\experiments\\experiment_2_20251220_042000\\images\\ref_082_4.png']",0.5643739174069278,0.00683036266607745,0.011955255503671273,"{'total_time_seconds': 1020.8046617507935, 'seconds_per_image': 510.40233087539673, 'avg_power_watts': 61.70495248742314, 'peak_power_watts': 64.38, 'total_energy_wh': 17.496861986742434, 'energy_per_image_wh': 8.748430993371217}"
"ultra photorealistic ISIC-style dermoscopic close-up photograph of a single dermatofibroma skin lesion on real human skin, taken with a contact polarized dermatoscope using immersion fluid, lesion occupying about one third of the frame on a light pink skin background, full lesion visible and slightly off-center, fine body hairs crossing the lesion and surrounding skin, subtle surface reflections from the dermatoscope contact plate, even soft clinical lighting with no harsh shadows, razor-sharp focus over the entire lesion, natural skin texture and pores clearly visible, realistic color range from light pink to dark brown and black, irregular pigment network and internal structures clearly defined, unedited hospital dermatology research image, no artistic style, no filters, clear skin, no hairs",sd3.5,stabilityai/stable-diffusion-3.5-large,df,df,vasc then df,template_2,C:\Users\Victor\Desktop\University\Master\Semester 1\Synthetic Data Generation for Skin Cancer Detection\POC\synthetic-data-gen\logs\experiments\experiment_2_20251220_042000\images\image_083.png,"['C:\\Users\\Victor\\Desktop\\University\\Master\\Semester 1\\Synthetic Data Generation for Skin Cancer Detection\\POC\\synthetic-data-gen\\logs\\experiments\\experiment_2_20251220_042000\\images\\ref_083_0.png', 'C:\\Users\\Victor\\Desktop\\University\\Master\\Semester 1\\Synthetic Data Generation for Skin Cancer Detection\\POC\\synthetic-data-gen\\logs\\experiments\\experiment_2_20251220_042000\\images\\ref_083_1.png', 'C:\\Users\\Victor\\Desktop\\University\\Master\\Semester 1\\Synthetic Data Generation for Skin Cancer Detection\\POC\\synthetic-data-gen\\logs\\experiments\\experiment_2_20251220_042000\\images\\ref_083_2.png', 'C:\\Users\\Victor\\Desktop\\University\\Master\\Semester 1\\Synthetic Data Generation for Skin Cancer Detection\\POC\\synthetic-data-gen\\logs\\experiments\\experiment_2_20251220_042000\\images\\ref_083_3.png', 'C:\\Users\\Victor\\Desktop\\University\\Master\\Semester 1\\Synthetic Data Generation for Skin Cancer Detection\\POC\\synthetic-data-gen\\logs\\experiments\\experiment_2_20251220_042000\\images\\ref_083_4.png']",0.5893583717272962,0.14324217232315956,0.031569092880510116,"{'total_time_seconds': 1020.8046617507935, 'seconds_per_image': 510.40233087539673, 'avg_power_watts': 61.70495248742314, 'peak_power_watts': 64.38, 'total_energy_wh': 17.496861986742434, 'energy_per_image_wh': 8.748430993371217}"
"You are a clinical dermatology research photographer. Generate one ultra-photorealistic ISIC-style dermoscopic close-up photo of a single melanocytic nevus lesion on real human skin, captured with a contact polarized dermatoscope using immersion fluid. Light pink skin background, natural pores/texture visible. Lesion occupies ~35% of the frame, fully visible, slightly off-center. Include a few fine body hairs crossing the lesion and nearby skin. Show subtle specular reflections from the dermatoscope contact plate. Even soft clinical lighting, no harsh shadows. Razor-sharp focus across the entire lesion (no blur). Realistic color variegation: light pink/tan to dark brown/black, with asymmetry, irregular border, atypical pigment network, and irregular internal structures (dots/globules, streaks). Looks like a raw, unedited hospital dermatology research image; no artistic style, no filters, no beautification.",sd3.5,stabilityai/stable-diffusion-3.5-large,nv,nv,nv then mel,template_3,C:\Users\Victor\Desktop\University\Master\Semester 1\Synthetic Data Generation for Skin Cancer Detection\POC\synthetic-data-gen\logs\experiments\experiment_2_20251220_042000\images\image_084.png,"['C:\\Users\\Victor\\Desktop\\University\\Master\\Semester 1\\Synthetic Data Generation for Skin Cancer Detection\\POC\\synthetic-data-gen\\logs\\experiments\\experiment_2_20251220_042000\\images\\ref_084_0.png', 'C:\\Users\\Victor\\Desktop\\University\\Master\\Semester 1\\Synthetic Data Generation for Skin Cancer Detection\\POC\\synthetic-data-gen\\logs\\experiments\\experiment_2_20251220_042000\\images\\ref_084_1.png', 'C:\\Users\\Victor\\Desktop\\University\\Master\\Semester 1\\Synthetic Data Generation for Skin Cancer Detection\\POC\\synthetic-data-gen\\logs\\experiments\\experiment_2_20251220_042000\\images\\ref_084_2.png', 'C:\\Users\\Victor\\Desktop\\University\\Master\\Semester 1\\Synthetic Data Generation for Skin Cancer Detection\\POC\\synthetic-data-gen\\logs\\experiments\\experiment_2_20251220_042000\\images\\ref_084_3.png', 'C:\\Users\\Victor\\Desktop\\University\\Master\\Semester 1\\Synthetic Data Generation for Skin Cancer Detection\\POC\\synthetic-data-gen\\logs\\experiments\\experiment_2_20251220_042000\\images\\ref_084_4.png']",0.6190805629229266,0.23310278334323925,0.038198385745978135,"{'total_time_seconds': 1112.251676082611, 'seconds_per_image': 556.1258380413055, 'avg_power_watts': 60.83785272914521, 'peak_power_watts': 67.98, 'total_energy_wh': 18.796389907571893, 'energy_per_image_wh': 9.398194953785946}"
"You are a clinical dermatology research photographer. Generate one ultra-photorealistic ISIC-style dermoscopic close-up photo of a single melanoma lesion on real human skin, captured with a contact polarized dermatoscope using immersion fluid. Light pink skin background, natural pores/texture visible. Lesion occupies ~35% of the frame, fully visible, slightly off-center. Include a few fine body hairs crossing the lesion and nearby skin. Show subtle specular reflections from the dermatoscope contact plate. Even soft clinical lighting, no harsh shadows. Razor-sharp focus across the entire lesion (no blur). Realistic color variegation: light pink/tan to dark brown/black, with asymmetry, irregular border, atypical pigment network, and irregular internal structures (dots/globules, streaks). Looks like a raw, unedited hospital dermatology research image; no artistic style, no filters, no beautification.",sd3.5,stabilityai/stable-diffusion-3.5-large,mel,mel,nv then mel,template_3,C:\Users\Victor\Desktop\University\Master\Semester 1\Synthetic Data Generation for Skin Cancer Detection\POC\synthetic-data-gen\logs\experiments\experiment_2_20251220_042000\images\image_085.png,"['C:\\Users\\Victor\\Desktop\\University\\Master\\Semester 1\\Synthetic Data Generation for Skin Cancer Detection\\POC\\synthetic-data-gen\\logs\\experiments\\experiment_2_20251220_042000\\images\\ref_085_0.png', 'C:\\Users\\Victor\\Desktop\\University\\Master\\Semester 1\\Synthetic Data Generation for Skin Cancer Detection\\POC\\synthetic-data-gen\\logs\\experiments\\experiment_2_20251220_042000\\images\\ref_085_1.png', 'C:\\Users\\Victor\\Desktop\\University\\Master\\Semester 1\\Synthetic Data Generation for Skin Cancer Detection\\POC\\synthetic-data-gen\\logs\\experiments\\experiment_2_20251220_042000\\images\\ref_085_2.png', 'C:\\Users\\Victor\\Desktop\\University\\Master\\Semester 1\\Synthetic Data Generation for Skin Cancer Detection\\POC\\synthetic-data-gen\\logs\\experiments\\experiment_2_20251220_042000\\images\\ref_085_3.png', 'C:\\Users\\Victor\\Desktop\\University\\Master\\Semester 1\\Synthetic Data Generation for Skin Cancer Detection\\POC\\synthetic-data-gen\\logs\\experiments\\experiment_2_20251220_042000\\images\\ref_085_4.png']",0.35651672751994967,0.0,0.013115349166476914,"{'total_time_seconds': 1112.251676082611, 'seconds_per_image': 556.1258380413055, 'avg_power_watts': 60.83785272914521, 'peak_power_watts': 67.98, 'total_energy_wh': 18.796389907571893, 'energy_per_image_wh': 9.398194953785946}"
"You are a clinical dermatology research photographer. Generate one ultra-photorealistic ISIC-style dermoscopic close-up photo of a single melanocytic nevus lesion on real human skin, captured with a contact polarized dermatoscope using immersion fluid. Light pink skin background, natural pores/texture visible. Lesion occupies ~35% of the frame, fully visible, slightly off-center. Include a few fine body hairs crossing the lesion and nearby skin. Show subtle specular reflections from the dermatoscope contact plate. Even soft clinical lighting, no harsh shadows. Razor-sharp focus across the entire lesion (no blur). Realistic color variegation: light pink/tan to dark brown/black, with asymmetry, irregular border, atypical pigment network, and irregular internal structures (dots/globules, streaks). Looks like a raw, unedited hospital dermatology research image; no artistic style, no filters, no beautification.",sd3.5,stabilityai/stable-diffusion-3.5-large,nv,nv,nv then bkl,template_3,C:\Users\Victor\Desktop\University\Master\Semester 1\Synthetic Data Generation for Skin Cancer Detection\POC\synthetic-data-gen\logs\experiments\experiment_2_20251220_042000\images\image_086.png,"['C:\\Users\\Victor\\Desktop\\University\\Master\\Semester 1\\Synthetic Data Generation for Skin Cancer Detection\\POC\\synthetic-data-gen\\logs\\experiments\\experiment_2_20251220_042000\\images\\ref_086_0.png', 'C:\\Users\\Victor\\Desktop\\University\\Master\\Semester 1\\Synthetic Data Generation for Skin Cancer Detection\\POC\\synthetic-data-gen\\logs\\experiments\\experiment_2_20251220_042000\\images\\ref_086_1.png', 'C:\\Users\\Victor\\Desktop\\University\\Master\\Semester 1\\Synthetic Data Generation for Skin Cancer Detection\\POC\\synthetic-data-gen\\logs\\experiments\\experiment_2_20251220_042000\\images\\ref_086_2.png', 'C:\\Users\\Victor\\Desktop\\University\\Master\\Semester 1\\Synthetic Data Generation for Skin Cancer Detection\\POC\\synthetic-data-gen\\logs\\experiments\\experiment_2_20251220_042000\\images\\ref_086_3.png', 'C:\\Users\\Victor\\Desktop\\University\\Master\\Semester 1\\Synthetic Data Generation for Skin Cancer Detection\\POC\\synthetic-data-gen\\logs\\experiments\\experiment_2_20251220_042000\\images\\ref_086_4.png']",0.6141717249445929,0.09980306956231662,0.057507815937691345,"{'total_time_seconds': 1137.9232168197632, 'seconds_per_image': 568.9616084098816, 'avg_power_watts': 60.51760364004045, 'peak_power_watts': 66.88, 'total_energy_wh': 19.128996168971735, 'energy_per_image_wh': 9.564498084485868}"
"You are a clinical dermatology research photographer. Generate one ultra-photorealistic ISIC-style dermoscopic close-up photo of a single benign keratosis lesion on real human skin, captured with a contact polarized dermatoscope using immersion fluid. Light pink skin background, natural pores/texture visible. Lesion occupies ~35% of the frame, fully visible, slightly off-center. Include a few fine body hairs crossing the lesion and nearby skin. Show subtle specular reflections from the dermatoscope contact plate. Even soft clinical lighting, no harsh shadows. Razor-sharp focus across the entire lesion (no blur). Realistic color variegation: light pink/tan to dark brown/black, with asymmetry, irregular border, atypical pigment network, and irregular internal structures (dots/globules, streaks). Looks like a raw, unedited hospital dermatology research image; no artistic style, no filters, no beautification.",sd3.5,stabilityai/stable-diffusion-3.5-large,bkl,bkl,nv then bkl,template_3,C:\Users\Victor\Desktop\University\Master\Semester 1\Synthetic Data Generation for Skin Cancer Detection\POC\synthetic-data-gen\logs\experiments\experiment_2_20251220_042000\images\image_087.png,"['C:\\Users\\Victor\\Desktop\\University\\Master\\Semester 1\\Synthetic Data Generation for Skin Cancer Detection\\POC\\synthetic-data-gen\\logs\\experiments\\experiment_2_20251220_042000\\images\\ref_087_0.png', 'C:\\Users\\Victor\\Desktop\\University\\Master\\Semester 1\\Synthetic Data Generation for Skin Cancer Detection\\POC\\synthetic-data-gen\\logs\\experiments\\experiment_2_20251220_042000\\images\\ref_087_1.png', 'C:\\Users\\Victor\\Desktop\\University\\Master\\Semester 1\\Synthetic Data Generation for Skin Cancer Detection\\POC\\synthetic-data-gen\\logs\\experiments\\experiment_2_20251220_042000\\images\\ref_087_2.png', 'C:\\Users\\Victor\\Desktop\\University\\Master\\Semester 1\\Synthetic Data Generation for Skin Cancer Detection\\POC\\synthetic-data-gen\\logs\\experiments\\experiment_2_20251220_042000\\images\\ref_087_3.png', 'C:\\Users\\Victor\\Desktop\\University\\Master\\Semester 1\\Synthetic Data Generation for Skin Cancer Detection\\POC\\synthetic-data-gen\\logs\\experiments\\experiment_2_20251220_042000\\images\\ref_087_4.png']",0.5550805877460114,0.22163042876095268,0.01555183030517164,"{'total_time_seconds': 1137.9232168197632, 'seconds_per_image': 568.9616084098816, 'avg_power_watts': 60.51760364004045, 'peak_power_watts': 66.88, 'total_energy_wh': 19.128996168971735, 'energy_per_image_wh': 9.564498084485868}"
"You are a clinical dermatology research photographer. Generate one ultra-photorealistic ISIC-style dermoscopic close-up photo of a single melanocytic nevus lesion on real human skin, captured with a contact polarized dermatoscope using immersion fluid. Light pink skin background, natural pores/texture visible. Lesion occupies ~35% of the frame, fully visible, slightly off-center. Include a few fine body hairs crossing the lesion and nearby skin. Show subtle specular reflections from the dermatoscope contact plate. Even soft clinical lighting, no harsh shadows. Razor-sharp focus across the entire lesion (no blur). Realistic color variegation: light pink/tan to dark brown/black, with asymmetry, irregular border, atypical pigment network, and irregular internal structures (dots/globules, streaks). Looks like a raw, unedited hospital dermatology research image; no artistic style, no filters, no beautification.",sd3.5,stabilityai/stable-diffusion-3.5-large,nv,nv,nv then bcc,template_3,C:\Users\Victor\Desktop\University\Master\Semester 1\Synthetic Data Generation for Skin Cancer Detection\POC\synthetic-data-gen\logs\experiments\experiment_2_20251220_042000\images\image_088.png,"['C:\\Users\\Victor\\Desktop\\University\\Master\\Semester 1\\Synthetic Data Generation for Skin Cancer Detection\\POC\\synthetic-data-gen\\logs\\experiments\\experiment_2_20251220_042000\\images\\ref_088_0.png', 'C:\\Users\\Victor\\Desktop\\University\\Master\\Semester 1\\Synthetic Data Generation for Skin Cancer Detection\\POC\\synthetic-data-gen\\logs\\experiments\\experiment_2_20251220_042000\\images\\ref_088_1.png', 'C:\\Users\\Victor\\Desktop\\University\\Master\\Semester 1\\Synthetic Data Generation for Skin Cancer Detection\\POC\\synthetic-data-gen\\logs\\experiments\\experiment_2_20251220_042000\\images\\ref_088_2.png', 'C:\\Users\\Victor\\Desktop\\University\\Master\\Semester 1\\Synthetic Data Generation for Skin Cancer Detection\\POC\\synthetic-data-gen\\logs\\experiments\\experiment_2_20251220_042000\\images\\ref_088_3.png', 'C:\\Users\\Victor\\Desktop\\University\\Master\\Semester 1\\Synthetic Data Generation for Skin Cancer Detection\\POC\\synthetic-data-gen\\logs\\experiments\\experiment_2_20251220_042000\\images\\ref_088_4.png']",0.5327476775177329,0.10613439361515616,0.031615782599223645,"{'total_time_seconds': 1034.077424287796, 'seconds_per_image': 517.038712143898, 'avg_power_watts': 61.39251933701658, 'peak_power_watts': 63.93, 'total_energy_wh': 17.63461618515578, 'energy_per_image_wh': 8.81730809257789}"
"You are a clinical dermatology research photographer. Generate one ultra-photorealistic ISIC-style dermoscopic close-up photo of a single basal cell carcinoma lesion on real human skin, captured with a contact polarized dermatoscope using immersion fluid. Light pink skin background, natural pores/texture visible. Lesion occupies ~35% of the frame, fully visible, slightly off-center. Include a few fine body hairs crossing the lesion and nearby skin. Show subtle specular reflections from the dermatoscope contact plate. Even soft clinical lighting, no harsh shadows. Razor-sharp focus across the entire lesion (no blur). Realistic color variegation: light pink/tan to dark brown/black, with asymmetry, irregular border, atypical pigment network, and irregular internal structures (dots/globules, streaks). Looks like a raw, unedited hospital dermatology research image; no artistic style, no filters, no beautification.",sd3.5,stabilityai/stable-diffusion-3.5-large,bcc,bcc,nv then bcc,template_3,C:\Users\Victor\Desktop\University\Master\Semester 1\Synthetic Data Generation for Skin Cancer Detection\POC\synthetic-data-gen\logs\experiments\experiment_2_20251220_042000\images\image_089.png,"['C:\\Users\\Victor\\Desktop\\University\\Master\\Semester 1\\Synthetic Data Generation for Skin Cancer Detection\\POC\\synthetic-data-gen\\logs\\experiments\\experiment_2_20251220_042000\\images\\ref_089_0.png', 'C:\\Users\\Victor\\Desktop\\University\\Master\\Semester 1\\Synthetic Data Generation for Skin Cancer Detection\\POC\\synthetic-data-gen\\logs\\experiments\\experiment_2_20251220_042000\\images\\ref_089_1.png', 'C:\\Users\\Victor\\Desktop\\University\\Master\\Semester 1\\Synthetic Data Generation for Skin Cancer Detection\\POC\\synthetic-data-gen\\logs\\experiments\\experiment_2_20251220_042000\\images\\ref_089_2.png', 'C:\\Users\\Victor\\Desktop\\University\\Master\\Semester 1\\Synthetic Data Generation for Skin Cancer Detection\\POC\\synthetic-data-gen\\logs\\experiments\\experiment_2_20251220_042000\\images\\ref_089_3.png', 'C:\\Users\\Victor\\Desktop\\University\\Master\\Semester 1\\Synthetic Data Generation for Skin Cancer Detection\\POC\\synthetic-data-gen\\logs\\experiments\\experiment_2_20251220_042000\\images\\ref_089_4.png']",0.3795055417445379,0.013086721666907863,0.04401088927663779,"{'total_time_seconds': 1034.077424287796, 'seconds_per_image': 517.038712143898, 'avg_power_watts': 61.39251933701658, 'peak_power_watts': 63.93, 'total_energy_wh': 17.63461618515578, 'energy_per_image_wh': 8.81730809257789}"
"You are a clinical dermatology research photographer. Generate one ultra-photorealistic ISIC-style dermoscopic close-up photo of a single melanocytic nevus lesion on real human skin, captured with a contact polarized dermatoscope using immersion fluid. Light pink skin background, natural pores/texture visible. Lesion occupies ~35% of the frame, fully visible, slightly off-center. Include a few fine body hairs crossing the lesion and nearby skin. Show subtle specular reflections from the dermatoscope contact plate. Even soft clinical lighting, no harsh shadows. Razor-sharp focus across the entire lesion (no blur). Realistic color variegation: light pink/tan to dark brown/black, with asymmetry, irregular border, atypical pigment network, and irregular internal structures (dots/globules, streaks). Looks like a raw, unedited hospital dermatology research image; no artistic style, no filters, no beautification.",sd3.5,stabilityai/stable-diffusion-3.5-large,nv,nv,nv then akiec,template_3,C:\Users\Victor\Desktop\University\Master\Semester 1\Synthetic Data Generation for Skin Cancer Detection\POC\synthetic-data-gen\logs\experiments\experiment_2_20251220_042000\images\image_090.png,"['C:\\Users\\Victor\\Desktop\\University\\Master\\Semester 1\\Synthetic Data Generation for Skin Cancer Detection\\POC\\synthetic-data-gen\\logs\\experiments\\experiment_2_20251220_042000\\images\\ref_090_0.png', 'C:\\Users\\Victor\\Desktop\\University\\Master\\Semester 1\\Synthetic Data Generation for Skin Cancer Detection\\POC\\synthetic-data-gen\\logs\\experiments\\experiment_2_20251220_042000\\images\\ref_090_1.png', 'C:\\Users\\Victor\\Desktop\\University\\Master\\Semester 1\\Synthetic Data Generation for Skin Cancer Detection\\POC\\synthetic-data-gen\\logs\\experiments\\experiment_2_20251220_042000\\images\\ref_090_2.png', 'C:\\Users\\Victor\\Desktop\\University\\Master\\Semester 1\\Synthetic Data Generation for Skin Cancer Detection\\POC\\synthetic-data-gen\\logs\\experiments\\experiment_2_20251220_042000\\images\\ref_090_3.png', 'C:\\Users\\Victor\\Desktop\\University\\Master\\Semester 1\\Synthetic Data Generation for Skin Cancer Detection\\POC\\synthetic-data-gen\\logs\\experiments\\experiment_2_20251220_042000\\images\\ref_090_4.png']",0.5360148642682364,0.08609379481374543,0.025046122745784737,"{'total_time_seconds': 1117.5468878746033, 'seconds_per_image': 558.7734439373016, 'avg_power_watts': 60.67453571428571, 'peak_power_watts': 66.44, 'total_energy_wh': 18.835177377982355, 'energy_per_image_wh': 9.417588688991177}"
"You are a clinical dermatology research photographer. Generate one ultra-photorealistic ISIC-style dermoscopic close-up photo of a single actinic keratosis lesion on real human skin, captured with a contact polarized dermatoscope using immersion fluid. Light pink skin background, natural pores/texture visible. Lesion occupies ~35% of the frame, fully visible, slightly off-center. Include a few fine body hairs crossing the lesion and nearby skin. Show subtle specular reflections from the dermatoscope contact plate. Even soft clinical lighting, no harsh shadows. Razor-sharp focus across the entire lesion (no blur). Realistic color variegation: light pink/tan to dark brown/black, with asymmetry, irregular border, atypical pigment network, and irregular internal structures (dots/globules, streaks). Looks like a raw, unedited hospital dermatology research image; no artistic style, no filters, no beautification.",sd3.5,stabilityai/stable-diffusion-3.5-large,akiec,akiec,nv then akiec,template_3,C:\Users\Victor\Desktop\University\Master\Semester 1\Synthetic Data Generation for Skin Cancer Detection\POC\synthetic-data-gen\logs\experiments\experiment_2_20251220_042000\images\image_091.png,"['C:\\Users\\Victor\\Desktop\\University\\Master\\Semester 1\\Synthetic Data Generation for Skin Cancer Detection\\POC\\synthetic-data-gen\\logs\\experiments\\experiment_2_20251220_042000\\images\\ref_091_0.png', 'C:\\Users\\Victor\\Desktop\\University\\Master\\Semester 1\\Synthetic Data Generation for Skin Cancer Detection\\POC\\synthetic-data-gen\\logs\\experiments\\experiment_2_20251220_042000\\images\\ref_091_1.png', 'C:\\Users\\Victor\\Desktop\\University\\Master\\Semester 1\\Synthetic Data Generation for Skin Cancer Detection\\POC\\synthetic-data-gen\\logs\\experiments\\experiment_2_20251220_042000\\images\\ref_091_2.png', 'C:\\Users\\Victor\\Desktop\\University\\Master\\Semester 1\\Synthetic Data Generation for Skin Cancer Detection\\POC\\synthetic-data-gen\\logs\\experiments\\experiment_2_20251220_042000\\images\\ref_091_3.png', 'C:\\Users\\Victor\\Desktop\\University\\Master\\Semester 1\\Synthetic Data Generation for Skin Cancer Detection\\POC\\synthetic-data-gen\\logs\\experiments\\experiment_2_20251220_042000\\images\\ref_091_4.png']",0.6731884215025609,0.37342015542185636,0.031046689728629322,"{'total_time_seconds': 1117.5468878746033, 'seconds_per_image': 558.7734439373016, 'avg_power_watts': 60.67453571428571, 'peak_power_watts': 66.44, 'total_energy_wh': 18.835177377982355, 'energy_per_image_wh': 9.417588688991177}"
"You are a clinical dermatology research photographer. Generate one ultra-photorealistic ISIC-style dermoscopic close-up photo of a single melanocytic nevus lesion on real human skin, captured with a contact polarized dermatoscope using immersion fluid. Light pink skin background, natural pores/texture visible. Lesion occupies ~35% of the frame, fully visible, slightly off-center. Include a few fine body hairs crossing the lesion and nearby skin. Show subtle specular reflections from the dermatoscope contact plate. Even soft clinical lighting, no harsh shadows. Razor-sharp focus across the entire lesion (no blur). Realistic color variegation: light pink/tan to dark brown/black, with asymmetry, irregular border, atypical pigment network, and irregular internal structures (dots/globules, streaks). Looks like a raw, unedited hospital dermatology research image; no artistic style, no filters, no beautification.",sd3.5,stabilityai/stable-diffusion-3.5-large,nv,nv,nv then vasc,template_3,C:\Users\Victor\Desktop\University\Master\Semester 1\Synthetic Data Generation for Skin Cancer Detection\POC\synthetic-data-gen\logs\experiments\experiment_2_20251220_042000\images\image_092.png,"['C:\\Users\\Victor\\Desktop\\University\\Master\\Semester 1\\Synthetic Data Generation for Skin Cancer Detection\\POC\\synthetic-data-gen\\logs\\experiments\\experiment_2_20251220_042000\\images\\ref_092_0.png', 'C:\\Users\\Victor\\Desktop\\University\\Master\\Semester 1\\Synthetic Data Generation for Skin Cancer Detection\\POC\\synthetic-data-gen\\logs\\experiments\\experiment_2_20251220_042000\\images\\ref_092_1.png', 'C:\\Users\\Victor\\Desktop\\University\\Master\\Semester 1\\Synthetic Data Generation for Skin Cancer Detection\\POC\\synthetic-data-gen\\logs\\experiments\\experiment_2_20251220_042000\\images\\ref_092_2.png', 'C:\\Users\\Victor\\Desktop\\University\\Master\\Semester 1\\Synthetic Data Generation for Skin Cancer Detection\\POC\\synthetic-data-gen\\logs\\experiments\\experiment_2_20251220_042000\\images\\ref_092_3.png', 'C:\\Users\\Victor\\Desktop\\University\\Master\\Semester 1\\Synthetic Data Generation for Skin Cancer Detection\\POC\\synthetic-data-gen\\logs\\experiments\\experiment_2_20251220_042000\\images\\ref_092_4.png']",0.49235238497010503,0.017195519999728265,0.04584448922709763,"{'total_time_seconds': 912.5213625431061, 'seconds_per_image': 456.26068127155304, 'avg_power_watts': 60.45246514575411, 'peak_power_watts': 66.22, 'total_energy_wh': 15.323379406636992, 'energy_per_image_wh': 7.661689703318496}"
"You are a clinical dermatology research photographer. Generate one ultra-photorealistic ISIC-style dermoscopic close-up photo of a single vascular lesion lesion on real human skin, captured with a contact polarized dermatoscope using immersion fluid. Light pink skin background, natural pores/texture visible. Lesion occupies ~35% of the frame, fully visible, slightly off-center. Include a few fine body hairs crossing the lesion and nearby skin. Show subtle specular reflections from the dermatoscope contact plate. Even soft clinical lighting, no harsh shadows. Razor-sharp focus across the entire lesion (no blur). Realistic color variegation: light pink/tan to dark brown/black, with asymmetry, irregular border, atypical pigment network, and irregular internal structures (dots/globules, streaks). Looks like a raw, unedited hospital dermatology research image; no artistic style, no filters, no beautification.",sd3.5,stabilityai/stable-diffusion-3.5-large,vasc,vasc,nv then vasc,template_3,C:\Users\Victor\Desktop\University\Master\Semester 1\Synthetic Data Generation for Skin Cancer Detection\POC\synthetic-data-gen\logs\experiments\experiment_2_20251220_042000\images\image_093.png,"['C:\\Users\\Victor\\Desktop\\University\\Master\\Semester 1\\Synthetic Data Generation for Skin Cancer Detection\\POC\\synthetic-data-gen\\logs\\experiments\\experiment_2_20251220_042000\\images\\ref_093_0.png', 'C:\\Users\\Victor\\Desktop\\University\\Master\\Semester 1\\Synthetic Data Generation for Skin Cancer Detection\\POC\\synthetic-data-gen\\logs\\experiments\\experiment_2_20251220_042000\\images\\ref_093_1.png', 'C:\\Users\\Victor\\Desktop\\University\\Master\\Semester 1\\Synthetic Data Generation for Skin Cancer Detection\\POC\\synthetic-data-gen\\logs\\experiments\\experiment_2_20251220_042000\\images\\ref_093_2.png', 'C:\\Users\\Victor\\Desktop\\University\\Master\\Semester 1\\Synthetic Data Generation for Skin Cancer Detection\\POC\\synthetic-data-gen\\logs\\experiments\\experiment_2_20251220_042000\\images\\ref_093_3.png', 'C:\\Users\\Victor\\Desktop\\University\\Master\\Semester 1\\Synthetic Data Generation for Skin Cancer Detection\\POC\\synthetic-data-gen\\logs\\experiments\\experiment_2_20251220_042000\\images\\ref_093_4.png']",0.5664915174171706,0.13539998407373188,0.08069207399567932,"{'total_time_seconds': 912.5213625431061, 'seconds_per_image': 456.26068127155304, 'avg_power_watts': 60.45246514575411, 'peak_power_watts': 66.22, 'total_energy_wh': 15.323379406636992, 'energy_per_image_wh': 7.661689703318496}"
"You are a clinical dermatology research photographer. Generate one ultra-photorealistic ISIC-style dermoscopic close-up photo of a single melanocytic nevus lesion on real human skin, captured with a contact polarized dermatoscope using immersion fluid. Light pink skin background, natural pores/texture visible. Lesion occupies ~35% of the frame, fully visible, slightly off-center. Include a few fine body hairs crossing the lesion and nearby skin. Show subtle specular reflections from the dermatoscope contact plate. Even soft clinical lighting, no harsh shadows. Razor-sharp focus across the entire lesion (no blur). Realistic color variegation: light pink/tan to dark brown/black, with asymmetry, irregular border, atypical pigment network, and irregular internal structures (dots/globules, streaks). Looks like a raw, unedited hospital dermatology research image; no artistic style, no filters, no beautification.",sd3.5,stabilityai/stable-diffusion-3.5-large,nv,nv,nv then df,template_3,C:\Users\Victor\Desktop\University\Master\Semester 1\Synthetic Data Generation for Skin Cancer Detection\POC\synthetic-data-gen\logs\experiments\experiment_2_20251220_042000\images\image_094.png,"['C:\\Users\\Victor\\Desktop\\University\\Master\\Semester 1\\Synthetic Data Generation for Skin Cancer Detection\\POC\\synthetic-data-gen\\logs\\experiments\\experiment_2_20251220_042000\\images\\ref_094_0.png', 'C:\\Users\\Victor\\Desktop\\University\\Master\\Semester 1\\Synthetic Data Generation for Skin Cancer Detection\\POC\\synthetic-data-gen\\logs\\experiments\\experiment_2_20251220_042000\\images\\ref_094_1.png', 'C:\\Users\\Victor\\Desktop\\University\\Master\\Semester 1\\Synthetic Data Generation for Skin Cancer Detection\\POC\\synthetic-data-gen\\logs\\experiments\\experiment_2_20251220_042000\\images\\ref_094_2.png', 'C:\\Users\\Victor\\Desktop\\University\\Master\\Semester 1\\Synthetic Data Generation for Skin Cancer Detection\\POC\\synthetic-data-gen\\logs\\experiments\\experiment_2_20251220_042000\\images\\ref_094_3.png', 'C:\\Users\\Victor\\Desktop\\University\\Master\\Semester 1\\Synthetic Data Generation for Skin Cancer Detection\\POC\\synthetic-data-gen\\logs\\experiments\\experiment_2_20251220_042000\\images\\ref_094_4.png']",0.5358348235795296,0.0,0.021272704448775416,"{'total_time_seconds': 1134.8749191761017, 'seconds_per_image': 567.4374595880508, 'avg_power_watts': 60.790936234817806, 'peak_power_watts': 67.36, 'total_energy_wh': 19.16391912392456, 'energy_per_image_wh': 9.58195956196228}"
"You are a clinical dermatology research photographer. Generate one ultra-photorealistic ISIC-style dermoscopic close-up photo of a single dermatofibroma lesion on real human skin, captured with a contact polarized dermatoscope using immersion fluid. Light pink skin background, natural pores/texture visible. Lesion occupies ~35% of the frame, fully visible, slightly off-center. Include a few fine body hairs crossing the lesion and nearby skin. Show subtle specular reflections from the dermatoscope contact plate. Even soft clinical lighting, no harsh shadows. Razor-sharp focus across the entire lesion (no blur). Realistic color variegation: light pink/tan to dark brown/black, with asymmetry, irregular border, atypical pigment network, and irregular internal structures (dots/globules, streaks). Looks like a raw, unedited hospital dermatology research image; no artistic style, no filters, no beautification.",sd3.5,stabilityai/stable-diffusion-3.5-large,df,df,nv then df,template_3,C:\Users\Victor\Desktop\University\Master\Semester 1\Synthetic Data Generation for Skin Cancer Detection\POC\synthetic-data-gen\logs\experiments\experiment_2_20251220_042000\images\image_095.png,"['C:\\Users\\Victor\\Desktop\\University\\Master\\Semester 1\\Synthetic Data Generation for Skin Cancer Detection\\POC\\synthetic-data-gen\\logs\\experiments\\experiment_2_20251220_042000\\images\\ref_095_0.png', 'C:\\Users\\Victor\\Desktop\\University\\Master\\Semester 1\\Synthetic Data Generation for Skin Cancer Detection\\POC\\synthetic-data-gen\\logs\\experiments\\experiment_2_20251220_042000\\images\\ref_095_1.png', 'C:\\Users\\Victor\\Desktop\\University\\Master\\Semester 1\\Synthetic Data Generation for Skin Cancer Detection\\POC\\synthetic-data-gen\\logs\\experiments\\experiment_2_20251220_042000\\images\\ref_095_2.png', 'C:\\Users\\Victor\\Desktop\\University\\Master\\Semester 1\\Synthetic Data Generation for Skin Cancer Detection\\POC\\synthetic-data-gen\\logs\\experiments\\experiment_2_20251220_042000\\images\\ref_095_3.png', 'C:\\Users\\Victor\\Desktop\\University\\Master\\Semester 1\\Synthetic Data Generation for Skin Cancer Detection\\POC\\synthetic-data-gen\\logs\\experiments\\experiment_2_20251220_042000\\images\\ref_095_4.png']",0.47536054724206894,0.2428681067760709,0.026288992453104326,"{'total_time_seconds': 1134.8749191761017, 'seconds_per_image': 567.4374595880508, 'avg_power_watts': 60.790936234817806, 'peak_power_watts': 67.36, 'total_energy_wh': 19.16391912392456, 'energy_per_image_wh': 9.58195956196228}"
"You are a clinical dermatology research photographer. Generate one ultra-photorealistic ISIC-style dermoscopic close-up photo of a single melanoma lesion on real human skin, captured with a contact polarized dermatoscope using immersion fluid. Light pink skin background, natural pores/texture visible. Lesion occupies ~35% of the frame, fully visible, slightly off-center. Include a few fine body hairs crossing the lesion and nearby skin. Show subtle specular reflections from the dermatoscope contact plate. Even soft clinical lighting, no harsh shadows. Razor-sharp focus across the entire lesion (no blur). Realistic color variegation: light pink/tan to dark brown/black, with asymmetry, irregular border, atypical pigment network, and irregular internal structures (dots/globules, streaks). Looks like a raw, unedited hospital dermatology research image; no artistic style, no filters, no beautification.",sd3.5,stabilityai/stable-diffusion-3.5-large,mel,mel,mel then bkl,template_3,C:\Users\Victor\Desktop\University\Master\Semester 1\Synthetic Data Generation for Skin Cancer Detection\POC\synthetic-data-gen\logs\experiments\experiment_2_20251220_042000\images\image_096.png,"['C:\\Users\\Victor\\Desktop\\University\\Master\\Semester 1\\Synthetic Data Generation for Skin Cancer Detection\\POC\\synthetic-data-gen\\logs\\experiments\\experiment_2_20251220_042000\\images\\ref_096_0.png', 'C:\\Users\\Victor\\Desktop\\University\\Master\\Semester 1\\Synthetic Data Generation for Skin Cancer Detection\\POC\\synthetic-data-gen\\logs\\experiments\\experiment_2_20251220_042000\\images\\ref_096_1.png', 'C:\\Users\\Victor\\Desktop\\University\\Master\\Semester 1\\Synthetic Data Generation for Skin Cancer Detection\\POC\\synthetic-data-gen\\logs\\experiments\\experiment_2_20251220_042000\\images\\ref_096_2.png', 'C:\\Users\\Victor\\Desktop\\University\\Master\\Semester 1\\Synthetic Data Generation for Skin Cancer Detection\\POC\\synthetic-data-gen\\logs\\experiments\\experiment_2_20251220_042000\\images\\ref_096_3.png', 'C:\\Users\\Victor\\Desktop\\University\\Master\\Semester 1\\Synthetic Data Generation for Skin Cancer Detection\\POC\\synthetic-data-gen\\logs\\experiments\\experiment_2_20251220_042000\\images\\ref_096_4.png']",0.4749517957563076,0.027692573173025703,0.040732648356647964,"{'total_time_seconds': 1137.3231208324432, 'seconds_per_image': 568.6615604162216, 'avg_power_watts': 60.28863868986694, 'peak_power_watts': 63.49, 'total_energy_wh': 19.046572973749736, 'energy_per_image_wh': 9.523286486874868}"
"You are a clinical dermatology research photographer. Generate one ultra-photorealistic ISIC-style dermoscopic close-up photo of a single benign keratosis lesion on real human skin, captured with a contact polarized dermatoscope using immersion fluid. Light pink skin background, natural pores/texture visible. Lesion occupies ~35% of the frame, fully visible, slightly off-center. Include a few fine body hairs crossing the lesion and nearby skin. Show subtle specular reflections from the dermatoscope contact plate. Even soft clinical lighting, no harsh shadows. Razor-sharp focus across the entire lesion (no blur). Realistic color variegation: light pink/tan to dark brown/black, with asymmetry, irregular border, atypical pigment network, and irregular internal structures (dots/globules, streaks). Looks like a raw, unedited hospital dermatology research image; no artistic style, no filters, no beautification.",sd3.5,stabilityai/stable-diffusion-3.5-large,bkl,bkl,mel then bkl,template_3,C:\Users\Victor\Desktop\University\Master\Semester 1\Synthetic Data Generation for Skin Cancer Detection\POC\synthetic-data-gen\logs\experiments\experiment_2_20251220_042000\images\image_097.png,"['C:\\Users\\Victor\\Desktop\\University\\Master\\Semester 1\\Synthetic Data Generation for Skin Cancer Detection\\POC\\synthetic-data-gen\\logs\\experiments\\experiment_2_20251220_042000\\images\\ref_097_0.png', 'C:\\Users\\Victor\\Desktop\\University\\Master\\Semester 1\\Synthetic Data Generation for Skin Cancer Detection\\POC\\synthetic-data-gen\\logs\\experiments\\experiment_2_20251220_042000\\images\\ref_097_1.png', 'C:\\Users\\Victor\\Desktop\\University\\Master\\Semester 1\\Synthetic Data Generation for Skin Cancer Detection\\POC\\synthetic-data-gen\\logs\\experiments\\experiment_2_20251220_042000\\images\\ref_097_2.png', 'C:\\Users\\Victor\\Desktop\\University\\Master\\Semester 1\\Synthetic Data Generation for Skin Cancer Detection\\POC\\synthetic-data-gen\\logs\\experiments\\experiment_2_20251220_042000\\images\\ref_097_3.png', 'C:\\Users\\Victor\\Desktop\\University\\Master\\Semester 1\\Synthetic Data Generation for Skin Cancer Detection\\POC\\synthetic-data-gen\\logs\\experiments\\experiment_2_20251220_042000\\images\\ref_097_4.png']",0.6332710128332629,0.11842269927327864,0.03077226991196625,"{'total_time_seconds': 1137.3231208324432, 'seconds_per_image': 568.6615604162216, 'avg_power_watts': 60.28863868986694, 'peak_power_watts': 63.49, 'total_energy_wh': 19.046572973749736, 'energy_per_image_wh': 9.523286486874868}"
"You are a clinical dermatology research photographer. Generate one ultra-photorealistic ISIC-style dermoscopic close-up photo of a single melanoma lesion on real human skin, captured with a contact polarized dermatoscope using immersion fluid. Light pink skin background, natural pores/texture visible. Lesion occupies ~35% of the frame, fully visible, slightly off-center. Include a few fine body hairs crossing the lesion and nearby skin. Show subtle specular reflections from the dermatoscope contact plate. Even soft clinical lighting, no harsh shadows. Razor-sharp focus across the entire lesion (no blur). Realistic color variegation: light pink/tan to dark brown/black, with asymmetry, irregular border, atypical pigment network, and irregular internal structures (dots/globules, streaks). Looks like a raw, unedited hospital dermatology research image; no artistic style, no filters, no beautification.",sd3.5,stabilityai/stable-diffusion-3.5-large,mel,mel,mel then bcc,template_3,C:\Users\Victor\Desktop\University\Master\Semester 1\Synthetic Data Generation for Skin Cancer Detection\POC\synthetic-data-gen\logs\experiments\experiment_2_20251220_042000\images\image_098.png,"['C:\\Users\\Victor\\Desktop\\University\\Master\\Semester 1\\Synthetic Data Generation for Skin Cancer Detection\\POC\\synthetic-data-gen\\logs\\experiments\\experiment_2_20251220_042000\\images\\ref_098_0.png', 'C:\\Users\\Victor\\Desktop\\University\\Master\\Semester 1\\Synthetic Data Generation for Skin Cancer Detection\\POC\\synthetic-data-gen\\logs\\experiments\\experiment_2_20251220_042000\\images\\ref_098_1.png', 'C:\\Users\\Victor\\Desktop\\University\\Master\\Semester 1\\Synthetic Data Generation for Skin Cancer Detection\\POC\\synthetic-data-gen\\logs\\experiments\\experiment_2_20251220_042000\\images\\ref_098_2.png', 'C:\\Users\\Victor\\Desktop\\University\\Master\\Semester 1\\Synthetic Data Generation for Skin Cancer Detection\\POC\\synthetic-data-gen\\logs\\experiments\\experiment_2_20251220_042000\\images\\ref_098_3.png', 'C:\\Users\\Victor\\Desktop\\University\\Master\\Semester 1\\Synthetic Data Generation for Skin Cancer Detection\\POC\\synthetic-data-gen\\logs\\experiments\\experiment_2_20251220_042000\\images\\ref_098_4.png']",0.45304985253656405,0.058838546180138326,0.07735812675884608,"{'total_time_seconds': 1021.0990798473358, 'seconds_per_image': 510.5495399236679, 'avg_power_watts': 60.50906584130557, 'peak_power_watts': 66.64, 'total_energy_wh': 17.162708736938605, 'energy_per_image_wh': 8.581354368469302}"
"You are a clinical dermatology research photographer. Generate one ultra-photorealistic ISIC-style dermoscopic close-up photo of a single basal cell carcinoma lesion on real human skin, captured with a contact polarized dermatoscope using immersion fluid. Light pink skin background, natural pores/texture visible. Lesion occupies ~35% of the frame, fully visible, slightly off-center. Include a few fine body hairs crossing the lesion and nearby skin. Show subtle specular reflections from the dermatoscope contact plate. Even soft clinical lighting, no harsh shadows. Razor-sharp focus across the entire lesion (no blur). Realistic color variegation: light pink/tan to dark brown/black, with asymmetry, irregular border, atypical pigment network, and irregular internal structures (dots/globules, streaks). Looks like a raw, unedited hospital dermatology research image; no artistic style, no filters, no beautification.",sd3.5,stabilityai/stable-diffusion-3.5-large,bcc,bcc,mel then bcc,template_3,C:\Users\Victor\Desktop\University\Master\Semester 1\Synthetic Data Generation for Skin Cancer Detection\POC\synthetic-data-gen\logs\experiments\experiment_2_20251220_042000\images\image_099.png,"['C:\\Users\\Victor\\Desktop\\University\\Master\\Semester 1\\Synthetic Data Generation for Skin Cancer Detection\\POC\\synthetic-data-gen\\logs\\experiments\\experiment_2_20251220_042000\\images\\ref_099_0.png', 'C:\\Users\\Victor\\Desktop\\University\\Master\\Semester 1\\Synthetic Data Generation for Skin Cancer Detection\\POC\\synthetic-data-gen\\logs\\experiments\\experiment_2_20251220_042000\\images\\ref_099_1.png', 'C:\\Users\\Victor\\Desktop\\University\\Master\\Semester 1\\Synthetic Data Generation for Skin Cancer Detection\\POC\\synthetic-data-gen\\logs\\experiments\\experiment_2_20251220_042000\\images\\ref_099_2.png', 'C:\\Users\\Victor\\Desktop\\University\\Master\\Semester 1\\Synthetic Data Generation for Skin Cancer Detection\\POC\\synthetic-data-gen\\logs\\experiments\\experiment_2_20251220_042000\\images\\ref_099_3.png', 'C:\\Users\\Victor\\Desktop\\University\\Master\\Semester 1\\Synthetic Data Generation for Skin Cancer Detection\\POC\\synthetic-data-gen\\logs\\experiments\\experiment_2_20251220_042000\\images\\ref_099_4.png']",0.42370258768927693,0.06915462013469978,0.02025766230381225,"{'total_time_seconds': 1021.0990798473358, 'seconds_per_image': 510.5495399236679, 'avg_power_watts': 60.50906584130557, 'peak_power_watts': 66.64, 'total_energy_wh': 17.162708736938605, 'energy_per_image_wh': 8.581354368469302}"
"You are a clinical dermatology research photographer. Generate one ultra-photorealistic ISIC-style dermoscopic close-up photo of a single melanoma lesion on real human skin, captured with a contact polarized dermatoscope using immersion fluid. Light pink skin background, natural pores/texture visible. Lesion occupies ~35% of the frame, fully visible, slightly off-center. Include a few fine body hairs crossing the lesion and nearby skin. Show subtle specular reflections from the dermatoscope contact plate. Even soft clinical lighting, no harsh shadows. Razor-sharp focus across the entire lesion (no blur). Realistic color variegation: light pink/tan to dark brown/black, with asymmetry, irregular border, atypical pigment network, and irregular internal structures (dots/globules, streaks). Looks like a raw, unedited hospital dermatology research image; no artistic style, no filters, no beautification.",sd3.5,stabilityai/stable-diffusion-3.5-large,mel,mel,mel then akiec,template_3,C:\Users\Victor\Desktop\University\Master\Semester 1\Synthetic Data Generation for Skin Cancer Detection\POC\synthetic-data-gen\logs\experiments\experiment_2_20251220_042000\images\image_100.png,"['C:\\Users\\Victor\\Desktop\\University\\Master\\Semester 1\\Synthetic Data Generation for Skin Cancer Detection\\POC\\synthetic-data-gen\\logs\\experiments\\experiment_2_20251220_042000\\images\\ref_100_0.png', 'C:\\Users\\Victor\\Desktop\\University\\Master\\Semester 1\\Synthetic Data Generation for Skin Cancer Detection\\POC\\synthetic-data-gen\\logs\\experiments\\experiment_2_20251220_042000\\images\\ref_100_1.png', 'C:\\Users\\Victor\\Desktop\\University\\Master\\Semester 1\\Synthetic Data Generation for Skin Cancer Detection\\POC\\synthetic-data-gen\\logs\\experiments\\experiment_2_20251220_042000\\images\\ref_100_2.png', 'C:\\Users\\Victor\\Desktop\\University\\Master\\Semester 1\\Synthetic Data Generation for Skin Cancer Detection\\POC\\synthetic-data-gen\\logs\\experiments\\experiment_2_20251220_042000\\images\\ref_100_3.png', 'C:\\Users\\Victor\\Desktop\\University\\Master\\Semester 1\\Synthetic Data Generation for Skin Cancer Detection\\POC\\synthetic-data-gen\\logs\\experiments\\experiment_2_20251220_042000\\images\\ref_100_4.png']",0.4265460211248134,0.12275624677583004,0.1098081412063083,"{'total_time_seconds': 1124.2405242919922, 'seconds_per_image': 562.1202621459961, 'avg_power_watts': 60.50445856634469, 'peak_power_watts': 66.42, 'total_energy_wh': 18.89487895017513, 'energy_per_image_wh': 9.447439475087565}"
"You are a clinical dermatology research photographer. Generate one ultra-photorealistic ISIC-style dermoscopic close-up photo of a single actinic keratosis lesion on real human skin, captured with a contact polarized dermatoscope using immersion fluid. Light pink skin background, natural pores/texture visible. Lesion occupies ~35% of the frame, fully visible, slightly off-center. Include a few fine body hairs crossing the lesion and nearby skin. Show subtle specular reflections from the dermatoscope contact plate. Even soft clinical lighting, no harsh shadows. Razor-sharp focus across the entire lesion (no blur). Realistic color variegation: light pink/tan to dark brown/black, with asymmetry, irregular border, atypical pigment network, and irregular internal structures (dots/globules, streaks). Looks like a raw, unedited hospital dermatology research image; no artistic style, no filters, no beautification.",sd3.5,stabilityai/stable-diffusion-3.5-large,akiec,akiec,mel then akiec,template_3,C:\Users\Victor\Desktop\University\Master\Semester 1\Synthetic Data Generation for Skin Cancer Detection\POC\synthetic-data-gen\logs\experiments\experiment_2_20251220_042000\images\image_101.png,"['C:\\Users\\Victor\\Desktop\\University\\Master\\Semester 1\\Synthetic Data Generation for Skin Cancer Detection\\POC\\synthetic-data-gen\\logs\\experiments\\experiment_2_20251220_042000\\images\\ref_101_0.png', 'C:\\Users\\Victor\\Desktop\\University\\Master\\Semester 1\\Synthetic Data Generation for Skin Cancer Detection\\POC\\synthetic-data-gen\\logs\\experiments\\experiment_2_20251220_042000\\images\\ref_101_1.png', 'C:\\Users\\Victor\\Desktop\\University\\Master\\Semester 1\\Synthetic Data Generation for Skin Cancer Detection\\POC\\synthetic-data-gen\\logs\\experiments\\experiment_2_20251220_042000\\images\\ref_101_2.png', 'C:\\Users\\Victor\\Desktop\\University\\Master\\Semester 1\\Synthetic Data Generation for Skin Cancer Detection\\POC\\synthetic-data-gen\\logs\\experiments\\experiment_2_20251220_042000\\images\\ref_101_3.png', 'C:\\Users\\Victor\\Desktop\\University\\Master\\Semester 1\\Synthetic Data Generation for Skin Cancer Detection\\POC\\synthetic-data-gen\\logs\\experiments\\experiment_2_20251220_042000\\images\\ref_101_4.png']",0.507720742764379,0.026679799772352054,0.01977499475361258,"{'total_time_seconds': 1124.2405242919922, 'seconds_per_image': 562.1202621459961, 'avg_power_watts': 60.50445856634469, 'peak_power_watts': 66.42, 'total_energy_wh': 18.89487895017513, 'energy_per_image_wh': 9.447439475087565}"
"You are a clinical dermatology research photographer. Generate one ultra-photorealistic ISIC-style dermoscopic close-up photo of a single melanoma lesion on real human skin, captured with a contact polarized dermatoscope using immersion fluid. Light pink skin background, natural pores/texture visible. Lesion occupies ~35% of the frame, fully visible, slightly off-center. Include a few fine body hairs crossing the lesion and nearby skin. Show subtle specular reflections from the dermatoscope contact plate. Even soft clinical lighting, no harsh shadows. Razor-sharp focus across the entire lesion (no blur). Realistic color variegation: light pink/tan to dark brown/black, with asymmetry, irregular border, atypical pigment network, and irregular internal structures (dots/globules, streaks). Looks like a raw, unedited hospital dermatology research image; no artistic style, no filters, no beautification.",sd3.5,stabilityai/stable-diffusion-3.5-large,mel,mel,mel then vasc,template_3,C:\Users\Victor\Desktop\University\Master\Semester 1\Synthetic Data Generation for Skin Cancer Detection\POC\synthetic-data-gen\logs\experiments\experiment_2_20251220_042000\images\image_102.png,"['C:\\Users\\Victor\\Desktop\\University\\Master\\Semester 1\\Synthetic Data Generation for Skin Cancer Detection\\POC\\synthetic-data-gen\\logs\\experiments\\experiment_2_20251220_042000\\images\\ref_102_0.png', 'C:\\Users\\Victor\\Desktop\\University\\Master\\Semester 1\\Synthetic Data Generation for Skin Cancer Detection\\POC\\synthetic-data-gen\\logs\\experiments\\experiment_2_20251220_042000\\images\\ref_102_1.png', 'C:\\Users\\Victor\\Desktop\\University\\Master\\Semester 1\\Synthetic Data Generation for Skin Cancer Detection\\POC\\synthetic-data-gen\\logs\\experiments\\experiment_2_20251220_042000\\images\\ref_102_2.png', 'C:\\Users\\Victor\\Desktop\\University\\Master\\Semester 1\\Synthetic Data Generation for Skin Cancer Detection\\POC\\synthetic-data-gen\\logs\\experiments\\experiment_2_20251220_042000\\images\\ref_102_3.png', 'C:\\Users\\Victor\\Desktop\\University\\Master\\Semester 1\\Synthetic Data Generation for Skin Cancer Detection\\POC\\synthetic-data-gen\\logs\\experiments\\experiment_2_20251220_042000\\images\\ref_102_4.png']",0.5749565084470737,0.20715548842706957,0.06613096260529808,"{'total_time_seconds': 1128.5659391880035, 'seconds_per_image': 564.2829695940018, 'avg_power_watts': 59.837654508611955, 'peak_power_watts': 62.66, 'total_energy_wh': 18.758538544255256, 'energy_per_image_wh': 9.379269272127628}"
"You are a clinical dermatology research photographer. Generate one ultra-photorealistic ISIC-style dermoscopic close-up photo of a single vascular lesion lesion on real human skin, captured with a contact polarized dermatoscope using immersion fluid. Light pink skin background, natural pores/texture visible. Lesion occupies ~35% of the frame, fully visible, slightly off-center. Include a few fine body hairs crossing the lesion and nearby skin. Show subtle specular reflections from the dermatoscope contact plate. Even soft clinical lighting, no harsh shadows. Razor-sharp focus across the entire lesion (no blur). Realistic color variegation: light pink/tan to dark brown/black, with asymmetry, irregular border, atypical pigment network, and irregular internal structures (dots/globules, streaks). Looks like a raw, unedited hospital dermatology research image; no artistic style, no filters, no beautification.",sd3.5,stabilityai/stable-diffusion-3.5-large,vasc,vasc,mel then vasc,template_3,C:\Users\Victor\Desktop\University\Master\Semester 1\Synthetic Data Generation for Skin Cancer Detection\POC\synthetic-data-gen\logs\experiments\experiment_2_20251220_042000\images\image_103.png,"['C:\\Users\\Victor\\Desktop\\University\\Master\\Semester 1\\Synthetic Data Generation for Skin Cancer Detection\\POC\\synthetic-data-gen\\logs\\experiments\\experiment_2_20251220_042000\\images\\ref_103_0.png', 'C:\\Users\\Victor\\Desktop\\University\\Master\\Semester 1\\Synthetic Data Generation for Skin Cancer Detection\\POC\\synthetic-data-gen\\logs\\experiments\\experiment_2_20251220_042000\\images\\ref_103_1.png', 'C:\\Users\\Victor\\Desktop\\University\\Master\\Semester 1\\Synthetic Data Generation for Skin Cancer Detection\\POC\\synthetic-data-gen\\logs\\experiments\\experiment_2_20251220_042000\\images\\ref_103_2.png', 'C:\\Users\\Victor\\Desktop\\University\\Master\\Semester 1\\Synthetic Data Generation for Skin Cancer Detection\\POC\\synthetic-data-gen\\logs\\experiments\\experiment_2_20251220_042000\\images\\ref_103_3.png', 'C:\\Users\\Victor\\Desktop\\University\\Master\\Semester 1\\Synthetic Data Generation for Skin Cancer Detection\\POC\\synthetic-data-gen\\logs\\experiments\\experiment_2_20251220_042000\\images\\ref_103_4.png']",0.6849476271480678,0.08066161833518412,0.022138832756597254,"{'total_time_seconds': 1128.5659391880035, 'seconds_per_image': 564.2829695940018, 'avg_power_watts': 59.837654508611955, 'peak_power_watts': 62.66, 'total_energy_wh': 18.758538544255256, 'energy_per_image_wh': 9.379269272127628}"
"You are a clinical dermatology research photographer. Generate one ultra-photorealistic ISIC-style dermoscopic close-up photo of a single melanoma lesion on real human skin, captured with a contact polarized dermatoscope using immersion fluid. Light pink skin background, natural pores/texture visible. Lesion occupies ~35% of the frame, fully visible, slightly off-center. Include a few fine body hairs crossing the lesion and nearby skin. Show subtle specular reflections from the dermatoscope contact plate. Even soft clinical lighting, no harsh shadows. Razor-sharp focus across the entire lesion (no blur). Realistic color variegation: light pink/tan to dark brown/black, with asymmetry, irregular border, atypical pigment network, and irregular internal structures (dots/globules, streaks). Looks like a raw, unedited hospital dermatology research image; no artistic style, no filters, no beautification.",sd3.5,stabilityai/stable-diffusion-3.5-large,mel,mel,mel then df,template_3,C:\Users\Victor\Desktop\University\Master\Semester 1\Synthetic Data Generation for Skin Cancer Detection\POC\synthetic-data-gen\logs\experiments\experiment_2_20251220_042000\images\image_104.png,"['C:\\Users\\Victor\\Desktop\\University\\Master\\Semester 1\\Synthetic Data Generation for Skin Cancer Detection\\POC\\synthetic-data-gen\\logs\\experiments\\experiment_2_20251220_042000\\images\\ref_104_0.png', 'C:\\Users\\Victor\\Desktop\\University\\Master\\Semester 1\\Synthetic Data Generation for Skin Cancer Detection\\POC\\synthetic-data-gen\\logs\\experiments\\experiment_2_20251220_042000\\images\\ref_104_1.png', 'C:\\Users\\Victor\\Desktop\\University\\Master\\Semester 1\\Synthetic Data Generation for Skin Cancer Detection\\POC\\synthetic-data-gen\\logs\\experiments\\experiment_2_20251220_042000\\images\\ref_104_2.png', 'C:\\Users\\Victor\\Desktop\\University\\Master\\Semester 1\\Synthetic Data Generation for Skin Cancer Detection\\POC\\synthetic-data-gen\\logs\\experiments\\experiment_2_20251220_042000\\images\\ref_104_3.png', 'C:\\Users\\Victor\\Desktop\\University\\Master\\Semester 1\\Synthetic Data Generation for Skin Cancer Detection\\POC\\synthetic-data-gen\\logs\\experiments\\experiment_2_20251220_042000\\images\\ref_104_4.png']",0.37103924734103444,0.040848476838539274,0.06362844424067901,"{'total_time_seconds': 952.5207331180573, 'seconds_per_image': 476.2603665590286, 'avg_power_watts': 61.11573221757322, 'peak_power_watts': 65.99, 'total_energy_wh': 16.170556126924918, 'energy_per_image_wh': 8.085278063462459}"
"You are a clinical dermatology research photographer. Generate one ultra-photorealistic ISIC-style dermoscopic close-up photo of a single dermatofibroma lesion on real human skin, captured with a contact polarized dermatoscope using immersion fluid. Light pink skin background, natural pores/texture visible. Lesion occupies ~35% of the frame, fully visible, slightly off-center. Include a few fine body hairs crossing the lesion and nearby skin. Show subtle specular reflections from the dermatoscope contact plate. Even soft clinical lighting, no harsh shadows. Razor-sharp focus across the entire lesion (no blur). Realistic color variegation: light pink/tan to dark brown/black, with asymmetry, irregular border, atypical pigment network, and irregular internal structures (dots/globules, streaks). Looks like a raw, unedited hospital dermatology research image; no artistic style, no filters, no beautification.",sd3.5,stabilityai/stable-diffusion-3.5-large,df,df,mel then df,template_3,C:\Users\Victor\Desktop\University\Master\Semester 1\Synthetic Data Generation for Skin Cancer Detection\POC\synthetic-data-gen\logs\experiments\experiment_2_20251220_042000\images\image_105.png,"['C:\\Users\\Victor\\Desktop\\University\\Master\\Semester 1\\Synthetic Data Generation for Skin Cancer Detection\\POC\\synthetic-data-gen\\logs\\experiments\\experiment_2_20251220_042000\\images\\ref_105_0.png', 'C:\\Users\\Victor\\Desktop\\University\\Master\\Semester 1\\Synthetic Data Generation for Skin Cancer Detection\\POC\\synthetic-data-gen\\logs\\experiments\\experiment_2_20251220_042000\\images\\ref_105_1.png', 'C:\\Users\\Victor\\Desktop\\University\\Master\\Semester 1\\Synthetic Data Generation for Skin Cancer Detection\\POC\\synthetic-data-gen\\logs\\experiments\\experiment_2_20251220_042000\\images\\ref_105_2.png', 'C:\\Users\\Victor\\Desktop\\University\\Master\\Semester 1\\Synthetic Data Generation for Skin Cancer Detection\\POC\\synthetic-data-gen\\logs\\experiments\\experiment_2_20251220_042000\\images\\ref_105_3.png', 'C:\\Users\\Victor\\Desktop\\University\\Master\\Semester 1\\Synthetic Data Generation for Skin Cancer Detection\\POC\\synthetic-data-gen\\logs\\experiments\\experiment_2_20251220_042000\\images\\ref_105_4.png']",0.5951457295545768,0.07426378221611804,0.0330910088276255,"{'total_time_seconds': 952.5207331180573, 'seconds_per_image': 476.2603665590286, 'avg_power_watts': 61.11573221757322, 'peak_power_watts': 65.99, 'total_energy_wh': 16.170556126924918, 'energy_per_image_wh': 8.085278063462459}"
"You are a clinical dermatology research photographer. Generate one ultra-photorealistic ISIC-style dermoscopic close-up photo of a single benign keratosis lesion on real human skin, captured with a contact polarized dermatoscope using immersion fluid. Light pink skin background, natural pores/texture visible. Lesion occupies ~35% of the frame, fully visible, slightly off-center. Include a few fine body hairs crossing the lesion and nearby skin. Show subtle specular reflections from the dermatoscope contact plate. Even soft clinical lighting, no harsh shadows. Razor-sharp focus across the entire lesion (no blur). Realistic color variegation: light pink/tan to dark brown/black, with asymmetry, irregular border, atypical pigment network, and irregular internal structures (dots/globules, streaks). Looks like a raw, unedited hospital dermatology research image; no artistic style, no filters, no beautification.",sd3.5,stabilityai/stable-diffusion-3.5-large,bkl,bkl,bkl then bcc,template_3,C:\Users\Victor\Desktop\University\Master\Semester 1\Synthetic Data Generation for Skin Cancer Detection\POC\synthetic-data-gen\logs\experiments\experiment_2_20251220_042000\images\image_106.png,"['C:\\Users\\Victor\\Desktop\\University\\Master\\Semester 1\\Synthetic Data Generation for Skin Cancer Detection\\POC\\synthetic-data-gen\\logs\\experiments\\experiment_2_20251220_042000\\images\\ref_106_0.png', 'C:\\Users\\Victor\\Desktop\\University\\Master\\Semester 1\\Synthetic Data Generation for Skin Cancer Detection\\POC\\synthetic-data-gen\\logs\\experiments\\experiment_2_20251220_042000\\images\\ref_106_1.png', 'C:\\Users\\Victor\\Desktop\\University\\Master\\Semester 1\\Synthetic Data Generation for Skin Cancer Detection\\POC\\synthetic-data-gen\\logs\\experiments\\experiment_2_20251220_042000\\images\\ref_106_2.png', 'C:\\Users\\Victor\\Desktop\\University\\Master\\Semester 1\\Synthetic Data Generation for Skin Cancer Detection\\POC\\synthetic-data-gen\\logs\\experiments\\experiment_2_20251220_042000\\images\\ref_106_3.png', 'C:\\Users\\Victor\\Desktop\\University\\Master\\Semester 1\\Synthetic Data Generation for Skin Cancer Detection\\POC\\synthetic-data-gen\\logs\\experiments\\experiment_2_20251220_042000\\images\\ref_106_4.png']",0.39398779059115224,0.0202330065830476,0.0779987570688728,"{'total_time_seconds': 1092.122418642044, 'seconds_per_image': 546.061209321022, 'avg_power_watts': 62.45509703779368, 'peak_power_watts': 68.74, 'total_energy_wh': 18.94683656484411, 'energy_per_image_wh': 9.473418282422054}"
"You are a clinical dermatology research photographer. Generate one ultra-photorealistic ISIC-style dermoscopic close-up photo of a single basal cell carcinoma lesion on real human skin, captured with a contact polarized dermatoscope using immersion fluid. Light pink skin background, natural pores/texture visible. Lesion occupies ~35% of the frame, fully visible, slightly off-center. Include a few fine body hairs crossing the lesion and nearby skin. Show subtle specular reflections from the dermatoscope contact plate. Even soft clinical lighting, no harsh shadows. Razor-sharp focus across the entire lesion (no blur). Realistic color variegation: light pink/tan to dark brown/black, with asymmetry, irregular border, atypical pigment network, and irregular internal structures (dots/globules, streaks). Looks like a raw, unedited hospital dermatology research image; no artistic style, no filters, no beautification.",sd3.5,stabilityai/stable-diffusion-3.5-large,bcc,bcc,bkl then bcc,template_3,C:\Users\Victor\Desktop\University\Master\Semester 1\Synthetic Data Generation for Skin Cancer Detection\POC\synthetic-data-gen\logs\experiments\experiment_2_20251220_042000\images\image_107.png,"['C:\\Users\\Victor\\Desktop\\University\\Master\\Semester 1\\Synthetic Data Generation for Skin Cancer Detection\\POC\\synthetic-data-gen\\logs\\experiments\\experiment_2_20251220_042000\\images\\ref_107_0.png', 'C:\\Users\\Victor\\Desktop\\University\\Master\\Semester 1\\Synthetic Data Generation for Skin Cancer Detection\\POC\\synthetic-data-gen\\logs\\experiments\\experiment_2_20251220_042000\\images\\ref_107_1.png', 'C:\\Users\\Victor\\Desktop\\University\\Master\\Semester 1\\Synthetic Data Generation for Skin Cancer Detection\\POC\\synthetic-data-gen\\logs\\experiments\\experiment_2_20251220_042000\\images\\ref_107_2.png', 'C:\\Users\\Victor\\Desktop\\University\\Master\\Semester 1\\Synthetic Data Generation for Skin Cancer Detection\\POC\\synthetic-data-gen\\logs\\experiments\\experiment_2_20251220_042000\\images\\ref_107_3.png', 'C:\\Users\\Victor\\Desktop\\University\\Master\\Semester 1\\Synthetic Data Generation for Skin Cancer Detection\\POC\\synthetic-data-gen\\logs\\experiments\\experiment_2_20251220_042000\\images\\ref_107_4.png']",0.5821173980020282,0.13375394657211703,0.07387202742565926,"{'total_time_seconds': 1092.122418642044, 'seconds_per_image': 546.061209321022, 'avg_power_watts': 62.45509703779368, 'peak_power_watts': 68.74, 'total_energy_wh': 18.94683656484411, 'energy_per_image_wh': 9.473418282422054}"
"You are a clinical dermatology research photographer. Generate one ultra-photorealistic ISIC-style dermoscopic close-up photo of a single benign keratosis lesion on real human skin, captured with a contact polarized dermatoscope using immersion fluid. Light pink skin background, natural pores/texture visible. Lesion occupies ~35% of the frame, fully visible, slightly off-center. Include a few fine body hairs crossing the lesion and nearby skin. Show subtle specular reflections from the dermatoscope contact plate. Even soft clinical lighting, no harsh shadows. Razor-sharp focus across the entire lesion (no blur). Realistic color variegation: light pink/tan to dark brown/black, with asymmetry, irregular border, atypical pigment network, and irregular internal structures (dots/globules, streaks). Looks like a raw, unedited hospital dermatology research image; no artistic style, no filters, no beautification.",sd3.5,stabilityai/stable-diffusion-3.5-large,bkl,bkl,bkl then akiec,template_3,C:\Users\Victor\Desktop\University\Master\Semester 1\Synthetic Data Generation for Skin Cancer Detection\POC\synthetic-data-gen\logs\experiments\experiment_2_20251220_042000\images\image_108.png,"['C:\\Users\\Victor\\Desktop\\University\\Master\\Semester 1\\Synthetic Data Generation for Skin Cancer Detection\\POC\\synthetic-data-gen\\logs\\experiments\\experiment_2_20251220_042000\\images\\ref_108_0.png', 'C:\\Users\\Victor\\Desktop\\University\\Master\\Semester 1\\Synthetic Data Generation for Skin Cancer Detection\\POC\\synthetic-data-gen\\logs\\experiments\\experiment_2_20251220_042000\\images\\ref_108_1.png', 'C:\\Users\\Victor\\Desktop\\University\\Master\\Semester 1\\Synthetic Data Generation for Skin Cancer Detection\\POC\\synthetic-data-gen\\logs\\experiments\\experiment_2_20251220_042000\\images\\ref_108_2.png', 'C:\\Users\\Victor\\Desktop\\University\\Master\\Semester 1\\Synthetic Data Generation for Skin Cancer Detection\\POC\\synthetic-data-gen\\logs\\experiments\\experiment_2_20251220_042000\\images\\ref_108_3.png', 'C:\\Users\\Victor\\Desktop\\University\\Master\\Semester 1\\Synthetic Data Generation for Skin Cancer Detection\\POC\\synthetic-data-gen\\logs\\experiments\\experiment_2_20251220_042000\\images\\ref_108_4.png']",0.4943129899722554,0.10301636067188347,0.01510832606153103,"{'total_time_seconds': 894.4442901611328, 'seconds_per_image': 447.2221450805664, 'avg_power_watts': 62.00585947302384, 'peak_power_watts': 70.07, 'total_energy_wh': 15.405774156161044, 'energy_per_image_wh': 7.702887078080522}"
"You are a clinical dermatology research photographer. Generate one ultra-photorealistic ISIC-style dermoscopic close-up photo of a single actinic keratosis lesion on real human skin, captured with a contact polarized dermatoscope using immersion fluid. Light pink skin background, natural pores/texture visible. Lesion occupies ~35% of the frame, fully visible, slightly off-center. Include a few fine body hairs crossing the lesion and nearby skin. Show subtle specular reflections from the dermatoscope contact plate. Even soft clinical lighting, no harsh shadows. Razor-sharp focus across the entire lesion (no blur). Realistic color variegation: light pink/tan to dark brown/black, with asymmetry, irregular border, atypical pigment network, and irregular internal structures (dots/globules, streaks). Looks like a raw, unedited hospital dermatology research image; no artistic style, no filters, no beautification.",sd3.5,stabilityai/stable-diffusion-3.5-large,akiec,akiec,bkl then akiec,template_3,C:\Users\Victor\Desktop\University\Master\Semester 1\Synthetic Data Generation for Skin Cancer Detection\POC\synthetic-data-gen\logs\experiments\experiment_2_20251220_042000\images\image_109.png,"['C:\\Users\\Victor\\Desktop\\University\\Master\\Semester 1\\Synthetic Data Generation for Skin Cancer Detection\\POC\\synthetic-data-gen\\logs\\experiments\\experiment_2_20251220_042000\\images\\ref_109_0.png', 'C:\\Users\\Victor\\Desktop\\University\\Master\\Semester 1\\Synthetic Data Generation for Skin Cancer Detection\\POC\\synthetic-data-gen\\logs\\experiments\\experiment_2_20251220_042000\\images\\ref_109_1.png', 'C:\\Users\\Victor\\Desktop\\University\\Master\\Semester 1\\Synthetic Data Generation for Skin Cancer Detection\\POC\\synthetic-data-gen\\logs\\experiments\\experiment_2_20251220_042000\\images\\ref_109_2.png', 'C:\\Users\\Victor\\Desktop\\University\\Master\\Semester 1\\Synthetic Data Generation for Skin Cancer Detection\\POC\\synthetic-data-gen\\logs\\experiments\\experiment_2_20251220_042000\\images\\ref_109_3.png', 'C:\\Users\\Victor\\Desktop\\University\\Master\\Semester 1\\Synthetic Data Generation for Skin Cancer Detection\\POC\\synthetic-data-gen\\logs\\experiments\\experiment_2_20251220_042000\\images\\ref_109_4.png']",0.34409001554132934,0.1349743786540607,0.057015795401975364,"{'total_time_seconds': 894.4442901611328, 'seconds_per_image': 447.2221450805664, 'avg_power_watts': 62.00585947302384, 'peak_power_watts': 70.07, 'total_energy_wh': 15.405774156161044, 'energy_per_image_wh': 7.702887078080522}"
"You are a clinical dermatology research photographer. Generate one ultra-photorealistic ISIC-style dermoscopic close-up photo of a single benign keratosis lesion on real human skin, captured with a contact polarized dermatoscope using immersion fluid. Light pink skin background, natural pores/texture visible. Lesion occupies ~35% of the frame, fully visible, slightly off-center. Include a few fine body hairs crossing the lesion and nearby skin. Show subtle specular reflections from the dermatoscope contact plate. Even soft clinical lighting, no harsh shadows. Razor-sharp focus across the entire lesion (no blur). Realistic color variegation: light pink/tan to dark brown/black, with asymmetry, irregular border, atypical pigment network, and irregular internal structures (dots/globules, streaks). Looks like a raw, unedited hospital dermatology research image; no artistic style, no filters, no beautification.",sd3.5,stabilityai/stable-diffusion-3.5-large,bkl,bkl,bkl then vasc,template_3,C:\Users\Victor\Desktop\University\Master\Semester 1\Synthetic Data Generation for Skin Cancer Detection\POC\synthetic-data-gen\logs\experiments\experiment_2_20251220_042000\images\image_110.png,"['C:\\Users\\Victor\\Desktop\\University\\Master\\Semester 1\\Synthetic Data Generation for Skin Cancer Detection\\POC\\synthetic-data-gen\\logs\\experiments\\experiment_2_20251220_042000\\images\\ref_110_0.png', 'C:\\Users\\Victor\\Desktop\\University\\Master\\Semester 1\\Synthetic Data Generation for Skin Cancer Detection\\POC\\synthetic-data-gen\\logs\\experiments\\experiment_2_20251220_042000\\images\\ref_110_1.png', 'C:\\Users\\Victor\\Desktop\\University\\Master\\Semester 1\\Synthetic Data Generation for Skin Cancer Detection\\POC\\synthetic-data-gen\\logs\\experiments\\experiment_2_20251220_042000\\images\\ref_110_2.png', 'C:\\Users\\Victor\\Desktop\\University\\Master\\Semester 1\\Synthetic Data Generation for Skin Cancer Detection\\POC\\synthetic-data-gen\\logs\\experiments\\experiment_2_20251220_042000\\images\\ref_110_3.png', 'C:\\Users\\Victor\\Desktop\\University\\Master\\Semester 1\\Synthetic Data Generation for Skin Cancer Detection\\POC\\synthetic-data-gen\\logs\\experiments\\experiment_2_20251220_042000\\images\\ref_110_4.png']",0.5050755164988823,0.029039942700918815,0.018547800928364937,"{'total_time_seconds': 1085.8605868816376, 'seconds_per_image': 542.9302934408188, 'avg_power_watts': 62.13432305279666, 'peak_power_watts': 69.95, 'total_energy_wh': 18.741447915445292, 'energy_per_image_wh': 9.370723957722646}"
"You are a clinical dermatology research photographer. Generate one ultra-photorealistic ISIC-style dermoscopic close-up photo of a single vascular lesion lesion on real human skin, captured with a contact polarized dermatoscope using immersion fluid. Light pink skin background, natural pores/texture visible. Lesion occupies ~35% of the frame, fully visible, slightly off-center. Include a few fine body hairs crossing the lesion and nearby skin. Show subtle specular reflections from the dermatoscope contact plate. Even soft clinical lighting, no harsh shadows. Razor-sharp focus across the entire lesion (no blur). Realistic color variegation: light pink/tan to dark brown/black, with asymmetry, irregular border, atypical pigment network, and irregular internal structures (dots/globules, streaks). Looks like a raw, unedited hospital dermatology research image; no artistic style, no filters, no beautification.",sd3.5,stabilityai/stable-diffusion-3.5-large,vasc,vasc,bkl then vasc,template_3,C:\Users\Victor\Desktop\University\Master\Semester 1\Synthetic Data Generation for Skin Cancer Detection\POC\synthetic-data-gen\logs\experiments\experiment_2_20251220_042000\images\image_111.png,"['C:\\Users\\Victor\\Desktop\\University\\Master\\Semester 1\\Synthetic Data Generation for Skin Cancer Detection\\POC\\synthetic-data-gen\\logs\\experiments\\experiment_2_20251220_042000\\images\\ref_111_0.png', 'C:\\Users\\Victor\\Desktop\\University\\Master\\Semester 1\\Synthetic Data Generation for Skin Cancer Detection\\POC\\synthetic-data-gen\\logs\\experiments\\experiment_2_20251220_042000\\images\\ref_111_1.png', 'C:\\Users\\Victor\\Desktop\\University\\Master\\Semester 1\\Synthetic Data Generation for Skin Cancer Detection\\POC\\synthetic-data-gen\\logs\\experiments\\experiment_2_20251220_042000\\images\\ref_111_2.png', 'C:\\Users\\Victor\\Desktop\\University\\Master\\Semester 1\\Synthetic Data Generation for Skin Cancer Detection\\POC\\synthetic-data-gen\\logs\\experiments\\experiment_2_20251220_042000\\images\\ref_111_3.png', 'C:\\Users\\Victor\\Desktop\\University\\Master\\Semester 1\\Synthetic Data Generation for Skin Cancer Detection\\POC\\synthetic-data-gen\\logs\\experiments\\experiment_2_20251220_042000\\images\\ref_111_4.png']",0.46801633021603795,0.2514192957565473,0.07132387580267313,"{'total_time_seconds': 1085.8605868816376, 'seconds_per_image': 542.9302934408188, 'avg_power_watts': 62.13432305279666, 'peak_power_watts': 69.95, 'total_energy_wh': 18.741447915445292, 'energy_per_image_wh': 9.370723957722646}"
"You are a clinical dermatology research photographer. Generate one ultra-photorealistic ISIC-style dermoscopic close-up photo of a single benign keratosis lesion on real human skin, captured with a contact polarized dermatoscope using immersion fluid. Light pink skin background, natural pores/texture visible. Lesion occupies ~35% of the frame, fully visible, slightly off-center. Include a few fine body hairs crossing the lesion and nearby skin. Show subtle specular reflections from the dermatoscope contact plate. Even soft clinical lighting, no harsh shadows. Razor-sharp focus across the entire lesion (no blur). Realistic color variegation: light pink/tan to dark brown/black, with asymmetry, irregular border, atypical pigment network, and irregular internal structures (dots/globules, streaks). Looks like a raw, unedited hospital dermatology research image; no artistic style, no filters, no beautification.",sd3.5,stabilityai/stable-diffusion-3.5-large,bkl,bkl,bkl then df,template_3,C:\Users\Victor\Desktop\University\Master\Semester 1\Synthetic Data Generation for Skin Cancer Detection\POC\synthetic-data-gen\logs\experiments\experiment_2_20251220_042000\images\image_112.png,"['C:\\Users\\Victor\\Desktop\\University\\Master\\Semester 1\\Synthetic Data Generation for Skin Cancer Detection\\POC\\synthetic-data-gen\\logs\\experiments\\experiment_2_20251220_042000\\images\\ref_112_0.png', 'C:\\Users\\Victor\\Desktop\\University\\Master\\Semester 1\\Synthetic Data Generation for Skin Cancer Detection\\POC\\synthetic-data-gen\\logs\\experiments\\experiment_2_20251220_042000\\images\\ref_112_1.png', 'C:\\Users\\Victor\\Desktop\\University\\Master\\Semester 1\\Synthetic Data Generation for Skin Cancer Detection\\POC\\synthetic-data-gen\\logs\\experiments\\experiment_2_20251220_042000\\images\\ref_112_2.png', 'C:\\Users\\Victor\\Desktop\\University\\Master\\Semester 1\\Synthetic Data Generation for Skin Cancer Detection\\POC\\synthetic-data-gen\\logs\\experiments\\experiment_2_20251220_042000\\images\\ref_112_3.png', 'C:\\Users\\Victor\\Desktop\\University\\Master\\Semester 1\\Synthetic Data Generation for Skin Cancer Detection\\POC\\synthetic-data-gen\\logs\\experiments\\experiment_2_20251220_042000\\images\\ref_112_4.png']",0.3288950352886568,0.0489125411953234,0.03913218247244238,"{'total_time_seconds': 1127.0373618602753, 'seconds_per_image': 563.5186809301376, 'avg_power_watts': 58.62133102424543, 'peak_power_watts': 64.99, 'total_energy_wh': 18.352341740639854, 'energy_per_image_wh': 9.176170870319927}"
"You are a clinical dermatology research photographer. Generate one ultra-photorealistic ISIC-style dermoscopic close-up photo of a single dermatofibroma lesion on real human skin, captured with a contact polarized dermatoscope using immersion fluid. Light pink skin background, natural pores/texture visible. Lesion occupies ~35% of the frame, fully visible, slightly off-center. Include a few fine body hairs crossing the lesion and nearby skin. Show subtle specular reflections from the dermatoscope contact plate. Even soft clinical lighting, no harsh shadows. Razor-sharp focus across the entire lesion (no blur). Realistic color variegation: light pink/tan to dark brown/black, with asymmetry, irregular border, atypical pigment network, and irregular internal structures (dots/globules, streaks). Looks like a raw, unedited hospital dermatology research image; no artistic style, no filters, no beautification.",sd3.5,stabilityai/stable-diffusion-3.5-large,df,df,bkl then df,template_3,C:\Users\Victor\Desktop\University\Master\Semester 1\Synthetic Data Generation for Skin Cancer Detection\POC\synthetic-data-gen\logs\experiments\experiment_2_20251220_042000\images\image_113.png,"['C:\\Users\\Victor\\Desktop\\University\\Master\\Semester 1\\Synthetic Data Generation for Skin Cancer Detection\\POC\\synthetic-data-gen\\logs\\experiments\\experiment_2_20251220_042000\\images\\ref_113_0.png', 'C:\\Users\\Victor\\Desktop\\University\\Master\\Semester 1\\Synthetic Data Generation for Skin Cancer Detection\\POC\\synthetic-data-gen\\logs\\experiments\\experiment_2_20251220_042000\\images\\ref_113_1.png', 'C:\\Users\\Victor\\Desktop\\University\\Master\\Semester 1\\Synthetic Data Generation for Skin Cancer Detection\\POC\\synthetic-data-gen\\logs\\experiments\\experiment_2_20251220_042000\\images\\ref_113_2.png', 'C:\\Users\\Victor\\Desktop\\University\\Master\\Semester 1\\Synthetic Data Generation for Skin Cancer Detection\\POC\\synthetic-data-gen\\logs\\experiments\\experiment_2_20251220_042000\\images\\ref_113_3.png', 'C:\\Users\\Victor\\Desktop\\University\\Master\\Semester 1\\Synthetic Data Generation for Skin Cancer Detection\\POC\\synthetic-data-gen\\logs\\experiments\\experiment_2_20251220_042000\\images\\ref_113_4.png']",0.454575294870078,0.021974255311986414,0.04045642623982132,"{'total_time_seconds': 1127.0373618602753, 'seconds_per_image': 563.5186809301376, 'avg_power_watts': 58.62133102424543, 'peak_power_watts': 64.99, 'total_energy_wh': 18.352341740639854, 'energy_per_image_wh': 9.176170870319927}"
"You are a clinical dermatology research photographer. Generate one ultra-photorealistic ISIC-style dermoscopic close-up photo of a single basal cell carcinoma lesion on real human skin, captured with a contact polarized dermatoscope using immersion fluid. Light pink skin background, natural pores/texture visible. Lesion occupies ~35% of the frame, fully visible, slightly off-center. Include a few fine body hairs crossing the lesion and nearby skin. Show subtle specular reflections from the dermatoscope contact plate. Even soft clinical lighting, no harsh shadows. Razor-sharp focus across the entire lesion (no blur). Realistic color variegation: light pink/tan to dark brown/black, with asymmetry, irregular border, atypical pigment network, and irregular internal structures (dots/globules, streaks). Looks like a raw, unedited hospital dermatology research image; no artistic style, no filters, no beautification.",sd3.5,stabilityai/stable-diffusion-3.5-large,bcc,bcc,bcc then akiec,template_3,C:\Users\Victor\Desktop\University\Master\Semester 1\Synthetic Data Generation for Skin Cancer Detection\POC\synthetic-data-gen\logs\experiments\experiment_2_20251220_042000\images\image_114.png,"['C:\\Users\\Victor\\Desktop\\University\\Master\\Semester 1\\Synthetic Data Generation for Skin Cancer Detection\\POC\\synthetic-data-gen\\logs\\experiments\\experiment_2_20251220_042000\\images\\ref_114_0.png', 'C:\\Users\\Victor\\Desktop\\University\\Master\\Semester 1\\Synthetic Data Generation for Skin Cancer Detection\\POC\\synthetic-data-gen\\logs\\experiments\\experiment_2_20251220_042000\\images\\ref_114_1.png', 'C:\\Users\\Victor\\Desktop\\University\\Master\\Semester 1\\Synthetic Data Generation for Skin Cancer Detection\\POC\\synthetic-data-gen\\logs\\experiments\\experiment_2_20251220_042000\\images\\ref_114_2.png', 'C:\\Users\\Victor\\Desktop\\University\\Master\\Semester 1\\Synthetic Data Generation for Skin Cancer Detection\\POC\\synthetic-data-gen\\logs\\experiments\\experiment_2_20251220_042000\\images\\ref_114_3.png', 'C:\\Users\\Victor\\Desktop\\University\\Master\\Semester 1\\Synthetic Data Generation for Skin Cancer Detection\\POC\\synthetic-data-gen\\logs\\experiments\\experiment_2_20251220_042000\\images\\ref_114_4.png']",0.5336996998123236,0.05457940465082163,0.02675897102347425,"{'total_time_seconds': 934.5426669120789, 'seconds_per_image': 467.27133345603943, 'avg_power_watts': 58.47583482944344, 'peak_power_watts': 60.68, 'total_energy_wh': 15.180045175393973, 'energy_per_image_wh': 7.5900225876969865}"
"You are a clinical dermatology research photographer. Generate one ultra-photorealistic ISIC-style dermoscopic close-up photo of a single actinic keratosis lesion on real human skin, captured with a contact polarized dermatoscope using immersion fluid. Light pink skin background, natural pores/texture visible. Lesion occupies ~35% of the frame, fully visible, slightly off-center. Include a few fine body hairs crossing the lesion and nearby skin. Show subtle specular reflections from the dermatoscope contact plate. Even soft clinical lighting, no harsh shadows. Razor-sharp focus across the entire lesion (no blur). Realistic color variegation: light pink/tan to dark brown/black, with asymmetry, irregular border, atypical pigment network, and irregular internal structures (dots/globules, streaks). Looks like a raw, unedited hospital dermatology research image; no artistic style, no filters, no beautification.",sd3.5,stabilityai/stable-diffusion-3.5-large,akiec,akiec,bcc then akiec,template_3,C:\Users\Victor\Desktop\University\Master\Semester 1\Synthetic Data Generation for Skin Cancer Detection\POC\synthetic-data-gen\logs\experiments\experiment_2_20251220_042000\images\image_115.png,"['C:\\Users\\Victor\\Desktop\\University\\Master\\Semester 1\\Synthetic Data Generation for Skin Cancer Detection\\POC\\synthetic-data-gen\\logs\\experiments\\experiment_2_20251220_042000\\images\\ref_115_0.png', 'C:\\Users\\Victor\\Desktop\\University\\Master\\Semester 1\\Synthetic Data Generation for Skin Cancer Detection\\POC\\synthetic-data-gen\\logs\\experiments\\experiment_2_20251220_042000\\images\\ref_115_1.png', 'C:\\Users\\Victor\\Desktop\\University\\Master\\Semester 1\\Synthetic Data Generation for Skin Cancer Detection\\POC\\synthetic-data-gen\\logs\\experiments\\experiment_2_20251220_042000\\images\\ref_115_2.png', 'C:\\Users\\Victor\\Desktop\\University\\Master\\Semester 1\\Synthetic Data Generation for Skin Cancer Detection\\POC\\synthetic-data-gen\\logs\\experiments\\experiment_2_20251220_042000\\images\\ref_115_3.png', 'C:\\Users\\Victor\\Desktop\\University\\Master\\Semester 1\\Synthetic Data Generation for Skin Cancer Detection\\POC\\synthetic-data-gen\\logs\\experiments\\experiment_2_20251220_042000\\images\\ref_115_4.png']",0.4591892924539918,0.488956723209151,0.05560249818365132,"{'total_time_seconds': 934.5426669120789, 'seconds_per_image': 467.27133345603943, 'avg_power_watts': 58.47583482944344, 'peak_power_watts': 60.68, 'total_energy_wh': 15.180045175393973, 'energy_per_image_wh': 7.5900225876969865}"
"You are a clinical dermatology research photographer. Generate one ultra-photorealistic ISIC-style dermoscopic close-up photo of a single basal cell carcinoma lesion on real human skin, captured with a contact polarized dermatoscope using immersion fluid. Light pink skin background, natural pores/texture visible. Lesion occupies ~35% of the frame, fully visible, slightly off-center. Include a few fine body hairs crossing the lesion and nearby skin. Show subtle specular reflections from the dermatoscope contact plate. Even soft clinical lighting, no harsh shadows. Razor-sharp focus across the entire lesion (no blur). Realistic color variegation: light pink/tan to dark brown/black, with asymmetry, irregular border, atypical pigment network, and irregular internal structures (dots/globules, streaks). Looks like a raw, unedited hospital dermatology research image; no artistic style, no filters, no beautification.",sd3.5,stabilityai/stable-diffusion-3.5-large,bcc,bcc,bcc then vasc,template_3,C:\Users\Victor\Desktop\University\Master\Semester 1\Synthetic Data Generation for Skin Cancer Detection\POC\synthetic-data-gen\logs\experiments\experiment_2_20251220_042000\images\image_116.png,"['C:\\Users\\Victor\\Desktop\\University\\Master\\Semester 1\\Synthetic Data Generation for Skin Cancer Detection\\POC\\synthetic-data-gen\\logs\\experiments\\experiment_2_20251220_042000\\images\\ref_116_0.png', 'C:\\Users\\Victor\\Desktop\\University\\Master\\Semester 1\\Synthetic Data Generation for Skin Cancer Detection\\POC\\synthetic-data-gen\\logs\\experiments\\experiment_2_20251220_042000\\images\\ref_116_1.png', 'C:\\Users\\Victor\\Desktop\\University\\Master\\Semester 1\\Synthetic Data Generation for Skin Cancer Detection\\POC\\synthetic-data-gen\\logs\\experiments\\experiment_2_20251220_042000\\images\\ref_116_2.png', 'C:\\Users\\Victor\\Desktop\\University\\Master\\Semester 1\\Synthetic Data Generation for Skin Cancer Detection\\POC\\synthetic-data-gen\\logs\\experiments\\experiment_2_20251220_042000\\images\\ref_116_3.png', 'C:\\Users\\Victor\\Desktop\\University\\Master\\Semester 1\\Synthetic Data Generation for Skin Cancer Detection\\POC\\synthetic-data-gen\\logs\\experiments\\experiment_2_20251220_042000\\images\\ref_116_4.png']",0.29264960012934405,0.3273837664042805,0.013613406960425506,"{'total_time_seconds': 1107.636782169342, 'seconds_per_image': 553.818391084671, 'avg_power_watts': 57.940404244567965, 'peak_power_watts': 65.36, 'total_energy_wh': 17.826923031956706, 'energy_per_image_wh': 8.913461515978353}"
"You are a clinical dermatology research photographer. Generate one ultra-photorealistic ISIC-style dermoscopic close-up photo of a single vascular lesion lesion on real human skin, captured with a contact polarized dermatoscope using immersion fluid. Light pink skin background, natural pores/texture visible. Lesion occupies ~35% of the frame, fully visible, slightly off-center. Include a few fine body hairs crossing the lesion and nearby skin. Show subtle specular reflections from the dermatoscope contact plate. Even soft clinical lighting, no harsh shadows. Razor-sharp focus across the entire lesion (no blur). Realistic color variegation: light pink/tan to dark brown/black, with asymmetry, irregular border, atypical pigment network, and irregular internal structures (dots/globules, streaks). Looks like a raw, unedited hospital dermatology research image; no artistic style, no filters, no beautification.",sd3.5,stabilityai/stable-diffusion-3.5-large,vasc,vasc,bcc then vasc,template_3,C:\Users\Victor\Desktop\University\Master\Semester 1\Synthetic Data Generation for Skin Cancer Detection\POC\synthetic-data-gen\logs\experiments\experiment_2_20251220_042000\images\image_117.png,"['C:\\Users\\Victor\\Desktop\\University\\Master\\Semester 1\\Synthetic Data Generation for Skin Cancer Detection\\POC\\synthetic-data-gen\\logs\\experiments\\experiment_2_20251220_042000\\images\\ref_117_0.png', 'C:\\Users\\Victor\\Desktop\\University\\Master\\Semester 1\\Synthetic Data Generation for Skin Cancer Detection\\POC\\synthetic-data-gen\\logs\\experiments\\experiment_2_20251220_042000\\images\\ref_117_1.png', 'C:\\Users\\Victor\\Desktop\\University\\Master\\Semester 1\\Synthetic Data Generation for Skin Cancer Detection\\POC\\synthetic-data-gen\\logs\\experiments\\experiment_2_20251220_042000\\images\\ref_117_2.png', 'C:\\Users\\Victor\\Desktop\\University\\Master\\Semester 1\\Synthetic Data Generation for Skin Cancer Detection\\POC\\synthetic-data-gen\\logs\\experiments\\experiment_2_20251220_042000\\images\\ref_117_3.png', 'C:\\Users\\Victor\\Desktop\\University\\Master\\Semester 1\\Synthetic Data Generation for Skin Cancer Detection\\POC\\synthetic-data-gen\\logs\\experiments\\experiment_2_20251220_042000\\images\\ref_117_4.png']",0.6358276192475204,0.00011870273945315146,0.01843187626802008,"{'total_time_seconds': 1107.636782169342, 'seconds_per_image': 553.818391084671, 'avg_power_watts': 57.940404244567965, 'peak_power_watts': 65.36, 'total_energy_wh': 17.826923031956706, 'energy_per_image_wh': 8.913461515978353}"
"You are a clinical dermatology research photographer. Generate one ultra-photorealistic ISIC-style dermoscopic close-up photo of a single basal cell carcinoma lesion on real human skin, captured with a contact polarized dermatoscope using immersion fluid. Light pink skin background, natural pores/texture visible. Lesion occupies ~35% of the frame, fully visible, slightly off-center. Include a few fine body hairs crossing the lesion and nearby skin. Show subtle specular reflections from the dermatoscope contact plate. Even soft clinical lighting, no harsh shadows. Razor-sharp focus across the entire lesion (no blur). Realistic color variegation: light pink/tan to dark brown/black, with asymmetry, irregular border, atypical pigment network, and irregular internal structures (dots/globules, streaks). Looks like a raw, unedited hospital dermatology research image; no artistic style, no filters, no beautification.",sd3.5,stabilityai/stable-diffusion-3.5-large,bcc,bcc,bcc then df,template_3,C:\Users\Victor\Desktop\University\Master\Semester 1\Synthetic Data Generation for Skin Cancer Detection\POC\synthetic-data-gen\logs\experiments\experiment_2_20251220_042000\images\image_118.png,"['C:\\Users\\Victor\\Desktop\\University\\Master\\Semester 1\\Synthetic Data Generation for Skin Cancer Detection\\POC\\synthetic-data-gen\\logs\\experiments\\experiment_2_20251220_042000\\images\\ref_118_0.png', 'C:\\Users\\Victor\\Desktop\\University\\Master\\Semester 1\\Synthetic Data Generation for Skin Cancer Detection\\POC\\synthetic-data-gen\\logs\\experiments\\experiment_2_20251220_042000\\images\\ref_118_1.png', 'C:\\Users\\Victor\\Desktop\\University\\Master\\Semester 1\\Synthetic Data Generation for Skin Cancer Detection\\POC\\synthetic-data-gen\\logs\\experiments\\experiment_2_20251220_042000\\images\\ref_118_2.png', 'C:\\Users\\Victor\\Desktop\\University\\Master\\Semester 1\\Synthetic Data Generation for Skin Cancer Detection\\POC\\synthetic-data-gen\\logs\\experiments\\experiment_2_20251220_042000\\images\\ref_118_3.png', 'C:\\Users\\Victor\\Desktop\\University\\Master\\Semester 1\\Synthetic Data Generation for Skin Cancer Detection\\POC\\synthetic-data-gen\\logs\\experiments\\experiment_2_20251220_042000\\images\\ref_118_4.png']",0.498641926902443,0.22901436651321064,0.11074743484774112,"{'total_time_seconds': 1135.689143896103, 'seconds_per_image': 567.8445719480515, 'avg_power_watts': 57.979077909270224, 'peak_power_watts': 61.21, 'total_energy_wh': 18.290613709629042, 'energy_per_image_wh': 9.145306854814521}"
"You are a clinical dermatology research photographer. Generate one ultra-photorealistic ISIC-style dermoscopic close-up photo of a single dermatofibroma lesion on real human skin, captured with a contact polarized dermatoscope using immersion fluid. Light pink skin background, natural pores/texture visible. Lesion occupies ~35% of the frame, fully visible, slightly off-center. Include a few fine body hairs crossing the lesion and nearby skin. Show subtle specular reflections from the dermatoscope contact plate. Even soft clinical lighting, no harsh shadows. Razor-sharp focus across the entire lesion (no blur). Realistic color variegation: light pink/tan to dark brown/black, with asymmetry, irregular border, atypical pigment network, and irregular internal structures (dots/globules, streaks). Looks like a raw, unedited hospital dermatology research image; no artistic style, no filters, no beautification.",sd3.5,stabilityai/stable-diffusion-3.5-large,df,df,bcc then df,template_3,C:\Users\Victor\Desktop\University\Master\Semester 1\Synthetic Data Generation for Skin Cancer Detection\POC\synthetic-data-gen\logs\experiments\experiment_2_20251220_042000\images\image_119.png,"['C:\\Users\\Victor\\Desktop\\University\\Master\\Semester 1\\Synthetic Data Generation for Skin Cancer Detection\\POC\\synthetic-data-gen\\logs\\experiments\\experiment_2_20251220_042000\\images\\ref_119_0.png', 'C:\\Users\\Victor\\Desktop\\University\\Master\\Semester 1\\Synthetic Data Generation for Skin Cancer Detection\\POC\\synthetic-data-gen\\logs\\experiments\\experiment_2_20251220_042000\\images\\ref_119_1.png', 'C:\\Users\\Victor\\Desktop\\University\\Master\\Semester 1\\Synthetic Data Generation for Skin Cancer Detection\\POC\\synthetic-data-gen\\logs\\experiments\\experiment_2_20251220_042000\\images\\ref_119_2.png', 'C:\\Users\\Victor\\Desktop\\University\\Master\\Semester 1\\Synthetic Data Generation for Skin Cancer Detection\\POC\\synthetic-data-gen\\logs\\experiments\\experiment_2_20251220_042000\\images\\ref_119_3.png', 'C:\\Users\\Victor\\Desktop\\University\\Master\\Semester 1\\Synthetic Data Generation for Skin Cancer Detection\\POC\\synthetic-data-gen\\logs\\experiments\\experiment_2_20251220_042000\\images\\ref_119_4.png']",0.32595241995914026,0.011695813218443051,0.014762821143791427,"{'total_time_seconds': 1135.689143896103, 'seconds_per_image': 567.8445719480515, 'avg_power_watts': 57.979077909270224, 'peak_power_watts': 61.21, 'total_energy_wh': 18.290613709629042, 'energy_per_image_wh': 9.145306854814521}"
"You are a clinical dermatology research photographer. Generate one ultra-photorealistic ISIC-style dermoscopic close-up photo of a single actinic keratosis lesion on real human skin, captured with a contact polarized dermatoscope using immersion fluid. Light pink skin background, natural pores/texture visible. Lesion occupies ~35% of the frame, fully visible, slightly off-center. Include a few fine body hairs crossing the lesion and nearby skin. Show subtle specular reflections from the dermatoscope contact plate. Even soft clinical lighting, no harsh shadows. Razor-sharp focus across the entire lesion (no blur). Realistic color variegation: light pink/tan to dark brown/black, with asymmetry, irregular border, atypical pigment network, and irregular internal structures (dots/globules, streaks). Looks like a raw, unedited hospital dermatology research image; no artistic style, no filters, no beautification.",sd3.5,stabilityai/stable-diffusion-3.5-large,akiec,akiec,akiec then vasc,template_3,C:\Users\Victor\Desktop\University\Master\Semester 1\Synthetic Data Generation for Skin Cancer Detection\POC\synthetic-data-gen\logs\experiments\experiment_2_20251220_042000\images\image_120.png,"['C:\\Users\\Victor\\Desktop\\University\\Master\\Semester 1\\Synthetic Data Generation for Skin Cancer Detection\\POC\\synthetic-data-gen\\logs\\experiments\\experiment_2_20251220_042000\\images\\ref_120_0.png', 'C:\\Users\\Victor\\Desktop\\University\\Master\\Semester 1\\Synthetic Data Generation for Skin Cancer Detection\\POC\\synthetic-data-gen\\logs\\experiments\\experiment_2_20251220_042000\\images\\ref_120_1.png', 'C:\\Users\\Victor\\Desktop\\University\\Master\\Semester 1\\Synthetic Data Generation for Skin Cancer Detection\\POC\\synthetic-data-gen\\logs\\experiments\\experiment_2_20251220_042000\\images\\ref_120_2.png', 'C:\\Users\\Victor\\Desktop\\University\\Master\\Semester 1\\Synthetic Data Generation for Skin Cancer Detection\\POC\\synthetic-data-gen\\logs\\experiments\\experiment_2_20251220_042000\\images\\ref_120_3.png', 'C:\\Users\\Victor\\Desktop\\University\\Master\\Semester 1\\Synthetic Data Generation for Skin Cancer Detection\\POC\\synthetic-data-gen\\logs\\experiments\\experiment_2_20251220_042000\\images\\ref_120_4.png']",0.6303852128403963,0.47039793192322704,0.01750543346432206,"{'total_time_seconds': 1113.4240853786469, 'seconds_per_image': 556.7120426893234, 'avg_power_watts': 58.68216216216216, 'peak_power_watts': 60.75, 'total_energy_wh': 18.149481314846344, 'energy_per_image_wh': 9.074740657423172}"
"You are a clinical dermatology research photographer. Generate one ultra-photorealistic ISIC-style dermoscopic close-up photo of a single vascular lesion lesion on real human skin, captured with a contact polarized dermatoscope using immersion fluid. Light pink skin background, natural pores/texture visible. Lesion occupies ~35% of the frame, fully visible, slightly off-center. Include a few fine body hairs crossing the lesion and nearby skin. Show subtle specular reflections from the dermatoscope contact plate. Even soft clinical lighting, no harsh shadows. Razor-sharp focus across the entire lesion (no blur). Realistic color variegation: light pink/tan to dark brown/black, with asymmetry, irregular border, atypical pigment network, and irregular internal structures (dots/globules, streaks). Looks like a raw, unedited hospital dermatology research image; no artistic style, no filters, no beautification.",sd3.5,stabilityai/stable-diffusion-3.5-large,vasc,vasc,akiec then vasc,template_3,C:\Users\Victor\Desktop\University\Master\Semester 1\Synthetic Data Generation for Skin Cancer Detection\POC\synthetic-data-gen\logs\experiments\experiment_2_20251220_042000\images\image_121.png,"['C:\\Users\\Victor\\Desktop\\University\\Master\\Semester 1\\Synthetic Data Generation for Skin Cancer Detection\\POC\\synthetic-data-gen\\logs\\experiments\\experiment_2_20251220_042000\\images\\ref_121_0.png', 'C:\\Users\\Victor\\Desktop\\University\\Master\\Semester 1\\Synthetic Data Generation for Skin Cancer Detection\\POC\\synthetic-data-gen\\logs\\experiments\\experiment_2_20251220_042000\\images\\ref_121_1.png', 'C:\\Users\\Victor\\Desktop\\University\\Master\\Semester 1\\Synthetic Data Generation for Skin Cancer Detection\\POC\\synthetic-data-gen\\logs\\experiments\\experiment_2_20251220_042000\\images\\ref_121_2.png', 'C:\\Users\\Victor\\Desktop\\University\\Master\\Semester 1\\Synthetic Data Generation for Skin Cancer Detection\\POC\\synthetic-data-gen\\logs\\experiments\\experiment_2_20251220_042000\\images\\ref_121_3.png', 'C:\\Users\\Victor\\Desktop\\University\\Master\\Semester 1\\Synthetic Data Generation for Skin Cancer Detection\\POC\\synthetic-data-gen\\logs\\experiments\\experiment_2_20251220_042000\\images\\ref_121_4.png']",0.43673362513845204,0.1956073979104787,0.03270908016055399,"{'total_time_seconds': 1113.4240853786469, 'seconds_per_image': 556.7120426893234, 'avg_power_watts': 58.68216216216216, 'peak_power_watts': 60.75, 'total_energy_wh': 18.149481314846344, 'energy_per_image_wh': 9.074740657423172}"
"You are a clinical dermatology research photographer. Generate one ultra-photorealistic ISIC-style dermoscopic close-up photo of a single actinic keratosis lesion on real human skin, captured with a contact polarized dermatoscope using immersion fluid. Light pink skin background, natural pores/texture visible. Lesion occupies ~35% of the frame, fully visible, slightly off-center. Include a few fine body hairs crossing the lesion and nearby skin. Show subtle specular reflections from the dermatoscope contact plate. Even soft clinical lighting, no harsh shadows. Razor-sharp focus across the entire lesion (no blur). Realistic color variegation: light pink/tan to dark brown/black, with asymmetry, irregular border, atypical pigment network, and irregular internal structures (dots/globules, streaks). Looks like a raw, unedited hospital dermatology research image; no artistic style, no filters, no beautification.",sd3.5,stabilityai/stable-diffusion-3.5-large,akiec,akiec,akiec then df,template_3,C:\Users\Victor\Desktop\University\Master\Semester 1\Synthetic Data Generation for Skin Cancer Detection\POC\synthetic-data-gen\logs\experiments\experiment_2_20251220_042000\images\image_122.png,"['C:\\Users\\Victor\\Desktop\\University\\Master\\Semester 1\\Synthetic Data Generation for Skin Cancer Detection\\POC\\synthetic-data-gen\\logs\\experiments\\experiment_2_20251220_042000\\images\\ref_122_0.png', 'C:\\Users\\Victor\\Desktop\\University\\Master\\Semester 1\\Synthetic Data Generation for Skin Cancer Detection\\POC\\synthetic-data-gen\\logs\\experiments\\experiment_2_20251220_042000\\images\\ref_122_1.png', 'C:\\Users\\Victor\\Desktop\\University\\Master\\Semester 1\\Synthetic Data Generation for Skin Cancer Detection\\POC\\synthetic-data-gen\\logs\\experiments\\experiment_2_20251220_042000\\images\\ref_122_2.png', 'C:\\Users\\Victor\\Desktop\\University\\Master\\Semester 1\\Synthetic Data Generation for Skin Cancer Detection\\POC\\synthetic-data-gen\\logs\\experiments\\experiment_2_20251220_042000\\images\\ref_122_3.png', 'C:\\Users\\Victor\\Desktop\\University\\Master\\Semester 1\\Synthetic Data Generation for Skin Cancer Detection\\POC\\synthetic-data-gen\\logs\\experiments\\experiment_2_20251220_042000\\images\\ref_122_4.png']",0.5830571099069379,0.07547601122101591,0.014124523919514539,"{'total_time_seconds': 1117.0301468372345, 'seconds_per_image': 558.5150734186172, 'avg_power_watts': 58.299538615847545, 'peak_power_watts': 64.38, 'total_energy_wh': 18.089539494612, 'energy_per_image_wh': 9.044769747306}"
"You are a clinical dermatology research photographer. Generate one ultra-photorealistic ISIC-style dermoscopic close-up photo of a single dermatofibroma lesion on real human skin, captured with a contact polarized dermatoscope using immersion fluid. Light pink skin background, natural pores/texture visible. Lesion occupies ~35% of the frame, fully visible, slightly off-center. Include a few fine body hairs crossing the lesion and nearby skin. Show subtle specular reflections from the dermatoscope contact plate. Even soft clinical lighting, no harsh shadows. Razor-sharp focus across the entire lesion (no blur). Realistic color variegation: light pink/tan to dark brown/black, with asymmetry, irregular border, atypical pigment network, and irregular internal structures (dots/globules, streaks). Looks like a raw, unedited hospital dermatology research image; no artistic style, no filters, no beautification.",sd3.5,stabilityai/stable-diffusion-3.5-large,df,df,akiec then df,template_3,C:\Users\Victor\Desktop\University\Master\Semester 1\Synthetic Data Generation for Skin Cancer Detection\POC\synthetic-data-gen\logs\experiments\experiment_2_20251220_042000\images\image_123.png,"['C:\\Users\\Victor\\Desktop\\University\\Master\\Semester 1\\Synthetic Data Generation for Skin Cancer Detection\\POC\\synthetic-data-gen\\logs\\experiments\\experiment_2_20251220_042000\\images\\ref_123_0.png', 'C:\\Users\\Victor\\Desktop\\University\\Master\\Semester 1\\Synthetic Data Generation for Skin Cancer Detection\\POC\\synthetic-data-gen\\logs\\experiments\\experiment_2_20251220_042000\\images\\ref_123_1.png', 'C:\\Users\\Victor\\Desktop\\University\\Master\\Semester 1\\Synthetic Data Generation for Skin Cancer Detection\\POC\\synthetic-data-gen\\logs\\experiments\\experiment_2_20251220_042000\\images\\ref_123_2.png', 'C:\\Users\\Victor\\Desktop\\University\\Master\\Semester 1\\Synthetic Data Generation for Skin Cancer Detection\\POC\\synthetic-data-gen\\logs\\experiments\\experiment_2_20251220_042000\\images\\ref_123_3.png', 'C:\\Users\\Victor\\Desktop\\University\\Master\\Semester 1\\Synthetic Data Generation for Skin Cancer Detection\\POC\\synthetic-data-gen\\logs\\experiments\\experiment_2_20251220_042000\\images\\ref_123_4.png']",0.3871161043936797,0.0,0.07486161697087534,"{'total_time_seconds': 1117.0301468372345, 'seconds_per_image': 558.5150734186172, 'avg_power_watts': 58.299538615847545, 'peak_power_watts': 64.38, 'total_energy_wh': 18.089539494612, 'energy_per_image_wh': 9.044769747306}"
"You are a clinical dermatology research photographer. Generate one ultra-photorealistic ISIC-style dermoscopic close-up photo of a single vascular lesion lesion on real human skin, captured with a contact polarized dermatoscope using immersion fluid. Light pink skin background, natural pores/texture visible. Lesion occupies ~35% of the frame, fully visible, slightly off-center. Include a few fine body hairs crossing the lesion and nearby skin. Show subtle specular reflections from the dermatoscope contact plate. Even soft clinical lighting, no harsh shadows. Razor-sharp focus across the entire lesion (no blur). Realistic color variegation: light pink/tan to dark brown/black, with asymmetry, irregular border, atypical pigment network, and irregular internal structures (dots/globules, streaks). Looks like a raw, unedited hospital dermatology research image; no artistic style, no filters, no beautification.",sd3.5,stabilityai/stable-diffusion-3.5-large,vasc,vasc,vasc then df,template_3,C:\Users\Victor\Desktop\University\Master\Semester 1\Synthetic Data Generation for Skin Cancer Detection\POC\synthetic-data-gen\logs\experiments\experiment_2_20251220_042000\images\image_124.png,"['C:\\Users\\Victor\\Desktop\\University\\Master\\Semester 1\\Synthetic Data Generation for Skin Cancer Detection\\POC\\synthetic-data-gen\\logs\\experiments\\experiment_2_20251220_042000\\images\\ref_124_0.png', 'C:\\Users\\Victor\\Desktop\\University\\Master\\Semester 1\\Synthetic Data Generation for Skin Cancer Detection\\POC\\synthetic-data-gen\\logs\\experiments\\experiment_2_20251220_042000\\images\\ref_124_1.png', 'C:\\Users\\Victor\\Desktop\\University\\Master\\Semester 1\\Synthetic Data Generation for Skin Cancer Detection\\POC\\synthetic-data-gen\\logs\\experiments\\experiment_2_20251220_042000\\images\\ref_124_2.png', 'C:\\Users\\Victor\\Desktop\\University\\Master\\Semester 1\\Synthetic Data Generation for Skin Cancer Detection\\POC\\synthetic-data-gen\\logs\\experiments\\experiment_2_20251220_042000\\images\\ref_124_3.png', 'C:\\Users\\Victor\\Desktop\\University\\Master\\Semester 1\\Synthetic Data Generation for Skin Cancer Detection\\POC\\synthetic-data-gen\\logs\\experiments\\experiment_2_20251220_042000\\images\\ref_124_4.png']",0.4138941990816936,0.23126425547414148,0.05478057460110499,"{'total_time_seconds': 1090.7563972473145, 'seconds_per_image': 545.3781986236572, 'avg_power_watts': 58.15986089644513, 'peak_power_watts': 64.58, 'total_energy_wh': 17.621733426614295, 'energy_per_image_wh': 8.810866713307147}"
"You are a clinical dermatology research photographer. Generate one ultra-photorealistic ISIC-style dermoscopic close-up photo of a single dermatofibroma lesion on real human skin, captured with a contact polarized dermatoscope using immersion fluid. Light pink skin background, natural pores/texture visible. Lesion occupies ~35% of the frame, fully visible, slightly off-center. Include a few fine body hairs crossing the lesion and nearby skin. Show subtle specular reflections from the dermatoscope contact plate. Even soft clinical lighting, no harsh shadows. Razor-sharp focus across the entire lesion (no blur). Realistic color variegation: light pink/tan to dark brown/black, with asymmetry, irregular border, atypical pigment network, and irregular internal structures (dots/globules, streaks). Looks like a raw, unedited hospital dermatology research image; no artistic style, no filters, no beautification.",sd3.5,stabilityai/stable-diffusion-3.5-large,df,df,vasc then df,template_3,C:\Users\Victor\Desktop\University\Master\Semester 1\Synthetic Data Generation for Skin Cancer Detection\POC\synthetic-data-gen\logs\experiments\experiment_2_20251220_042000\images\image_125.png,"['C:\\Users\\Victor\\Desktop\\University\\Master\\Semester 1\\Synthetic Data Generation for Skin Cancer Detection\\POC\\synthetic-data-gen\\logs\\experiments\\experiment_2_20251220_042000\\images\\ref_125_0.png', 'C:\\Users\\Victor\\Desktop\\University\\Master\\Semester 1\\Synthetic Data Generation for Skin Cancer Detection\\POC\\synthetic-data-gen\\logs\\experiments\\experiment_2_20251220_042000\\images\\ref_125_1.png', 'C:\\Users\\Victor\\Desktop\\University\\Master\\Semester 1\\Synthetic Data Generation for Skin Cancer Detection\\POC\\synthetic-data-gen\\logs\\experiments\\experiment_2_20251220_042000\\images\\ref_125_2.png', 'C:\\Users\\Victor\\Desktop\\University\\Master\\Semester 1\\Synthetic Data Generation for Skin Cancer Detection\\POC\\synthetic-data-gen\\logs\\experiments\\experiment_2_20251220_042000\\images\\ref_125_3.png', 'C:\\Users\\Victor\\Desktop\\University\\Master\\Semester 1\\Synthetic Data Generation for Skin Cancer Detection\\POC\\synthetic-data-gen\\logs\\experiments\\experiment_2_20251220_042000\\images\\ref_125_4.png']",0.4305586320155502,0.023432202354702576,0.01818800839398014,"{'total_time_seconds': 1090.7563972473145, 'seconds_per_image': 545.3781986236572, 'avg_power_watts': 58.15986089644513, 'peak_power_watts': 64.58, 'total_energy_wh': 17.621733426614295, 'energy_per_image_wh': 8.810866713307147}"
